,,,,,,,,,,,,,,,,,,,,,,,,,,,,,,,,,,,,,,,,,,,,,,,,,,,,,,,,,,,,,,,,,
COUNTRY,ISO3,Population density (people per sq. km of land area),Urban population growth (annual %),Population living in urban areas (%),Population living in slums (% of urban population),Household size,People practicing open defecation (% of population),Proportion of population with basic handwashing facilities on premises (% of population),People using at least basic sanitation services (% of population),People using at least basic drinking water services (% of population),Population living in slums (% of urban population),Children under 5 (% of population),Human Development Index,Multidimensional Poverty Index,Humanitarian Aid (FTS),Development Aid (ODA),Development Aid (ODA),Net ODA received (% of GNI),Volume of remittances (in USD) as a proportion of total GDP (%),Incidence of Tuberculosis,Estimated number of people living with HIV - Adult (>15) rate,"Number of new HIV infections per 1,000 uninfected population","Malaria incidence per 1,000 population at risk",Number of people requiring interventions against neglected tropical diseases,Gender Inequality Index,Income Gini coefficient,Internally displaced persons (IDPs),Refugees and asylum-seekers by country of asylum,Returned Refugees,Average Dietary Energy Supply Adequacy,Prevalence of Undernourishment,"Air transport, passengers carried","International tourism, number of arrivals",IHR capacity score: Points of entry,Access to Cities,Road lenght,"Adult literacy rate, population 15+ years",Mobile cellular subscriptions,Individuals using the Internet (% of population),Public trust in politicians,1+ underlying conditions plus 0 conditions (65+ yrs),Proportion of ever-partnered women and girls subjected to physical and/or sexual violence by a current or former intimate partner in the previous 12 months (18-49),Attitudes towards violence,Government Effectiveness,Corruption Perception Index,Physicians Density,"Number of hospital beds per 10,000 people",Proportion of the target population with access to 3 doses of diphtheria-tetanus-pertussis (DTP3) (%),Proportion of the target population with access to measles-containing-vaccine second-dose (MCV2) (%),Proportion of the target population with access to pneumococcal conjugate 3rd dose (PCV3) (%),Current health expenditure per capita,Maternal Mortality Ratio,"Average of 13 International Health Regulations core capacity scores, SPAR version",Operational readiness index,GDP per capita (current US$),Total Population,Total Population (GHS-POP-R2019),Land area (sq. km),Population ages 65 and above (% of total population),"Probability (%) of dying between age 30 and exact age 70 from any of cardiovascular disease, cancer, diabetes, or chronic respiratory disease",Cardiovascular Disease (% prev),Respiratory Infections & TB (% prev),Chronic Respiratory Diseases (% prev),Diabetes (% prev),1+ underlying conditions plus 0 conditions (65+ yrs)
Survey Year,,2018,2018,2018,2014-2016,2006-2016,2007-2017,2010-2017,2013-2017,2013-2017,2014-2016,2019,2018,2007-2018,2018-2020,2017,2018,2018,2014-2018,2017,2017,2017,2017,2017,2018,2005-2017,2020,2020,2018,2016-2018,2016-2018,2018,2017,2018,2015,2014,2008-2018,2018,2017,2017,2017,2000-2017,2019,2018,2019,2011-2018,2015,2017,2017,2017,2011-2016,2017,2018,2020,2018,2019,2015,,2018,2016,2017,2017,2017,2017,2017
IndicatorId,,EN.POP.DNST,SP.URB.GROW,SP.URB.TOTL.IN.ZS,EN.POP.SLUM.UR.ZS,SP.DEM.HOUS.AV,SH.STA.ODFC.ZS,SH.SAN.HNDWSH.ZS,SH.STA.BASS.ZS,SH.H2O.BASW.ZS,EN.POP.SLUM.UR.ZS,UNDER5,HDI,MPI,FTS,ODA-2,ODA-1,DT.ODA.ODAT.GN.ZS,BX_TRF_PWKR,TB,HIV,SH_HIV_INCD,SH_STA_MALR,SH_TRP_INTVN,GII,GINI,POP.SEC.IDP,VU.VGR.UP.REF-TOT,RET_REF,FS.ADSA,SN.ITK.DEFC.ZS,IS.AIR.PSGR,ST.INT.ARVL,IHR09,,IS.ROD.TOTL.KM,SE.ADT.LITR.ZS,IT.CEL.SETS.P2,IT.NET.USER.ZS,,,,,POL.GE.EST,CPI,PHIS,,SH_ACS_DTP3,SH_ACS_MCV2,SH_ACS_PCV3,HEALTH_EXP,MMR,SDGIHR,,GDPpp,POP,POP_DEN,AG.LND.TOTL.K2,,,,,,,
Unit of Measurament,,people/km sq,%,%,%,Number,%,%,%,%,%,%,Index,Index,USD Million,USD Million,USD Million,% of GNI,%,"per 100,000 people",%,"per 1,000 people","per 1,000 people",Number,Index,Index,Number,Number,Number,%,%,Number,Number,Index,Index,km,%,per 100 people,%,Index,%,%,%,Index,Index,"per 10,000 people","per 10,000 people",%,%,%,current int USD PPP,"per 100,000 live births",Index,Index,current USD,Number,Number,sq. Km,%,%,%,%,%,%,%
Afghanistan,AFG,56.94,3.35,25.50,71.3,8.04,12.74,37.75,43.4,67.1,71.3,14.82,0.50,0.27,11853.88,2830.55,2660.89,19.45,4.15,189,0.1,No data,23.02,13547677,0.57,No data,2993384,72516,16220,96,29.8,1722613,No data,0.0,136.96,72000,43.0,59.12,10.6,No data,19,46,80,-1.46,16,2.84,5.00,65,39,65,162.78,638,35,2,521,38041757,32515900,652230,2.58,29.8,0.03,0.26,0.08,0.05,19
Albania,ALB,104.61,1.32,60.32,No data,3.86,0.00,No data,97.7,91.0,No data,5.87,0.79,0.00,53.54,121.79,147.69,2.27,9.66,20,0.1,0.06,No data,6,0.23,29.00,0,293,0,127,6.2,303137,4643000,No data,11.58,19000,98.1,94.18,66.4,3.27,31,No data,30,0.11,35,12.00,28.88,99,98,99,759.67,15,No data,3,5254,2880913,2897604,27400,13.74,17.0,0.12,0.18,0.09,0.06,31
Algeria,DZA,17.73,2.80,72.63,No data,No data,0.77,83.74,87.6,93.6,No data,11.67,0.76,0.01,623.25,108.76,88.94,0.11,1.03,70,0.1,0.05,0.00,13140,0.44,27.60,0,103276,0,146,3.9,6442442,2451000,40.0,1.91,110000,81.4,111.66,42.9,2.82,23,No data,48,-0.44,35,18.30,19.00,91,92,89,998.15,112,80,4,4279,43053054,39663514,2381740,6.36,14.2,0.06,0.16,0.09,0.08,23
Angola,AGO,24.71,4.31,65.51,48.8,4.82,19.92,26.66,49.9,55.8,48.8,17.82,0.57,0.28,226.50,66.80,68.04,0.16,0.00,359,1.9,1.64,154.97,14739913,0.58,42.70,0,56048,0,106,25.0,1516628,261000,40.0,2.98,51000,66.0,43.13,13.0,1.82,15,26,25,-1.05,26,2.15,8.00,52,30,59,185.82,241,59,3,3432,31825299,25008347,1246700,2.22,16.5,0.03,0.23,0.07,0.05,15
Antigua and Barbuda,ATG,218.83,0.43,24.60,No data,No data,0.26,No data,87.5,96.7,No data,7.60,0.78,No data,51.23,2.95,2.55,1.10,1.53,1,No data,No data,No data,161,No data,No data,0,3,0,96,18.1,580174,247000,20.0,7.52,980,99.0,192.82,73.0,No data,27,No data,No data,-0.01,No data,27.65,38.00,95,68,No data,976.39,42,42,3,16864,97115,91818,440,8.80,22.6,0.08,0.24,0.09,0.10,27
Argentina,ARG,16.26,1.15,91.87,14.7,3.26,2.17,No data,94.3,99.1,14.7,8.36,0.83,No data,62.79,-21.69,-41.67,0.01,0.10,26,0.4,0.28,0.00,1122,0.35,41.20,0,9617,0,134,4.6,18081937,6720000,40.0,3.92,520000,99.0,132.09,71.0,1.92,25,No data,12,0.03,45,39.60,50.00,86,89,76,1531.04,39,64,3,11653,44780675,43441780,2736690,11.12,15.8,0.08,0.20,0.09,0.08,25
Armenia,ARM,103.68,0.31,63.15,9.3,4.01,0.00,94.04,93.6,99.9,9.3,7.05,0.76,0.00,0.92,145.59,127.95,1.10,11.97,36,0.2,0.10,0.00,39149,0.26,33.60,0,18085,0,120,4.3,No data,1495000,80.0,11.66,20000,99.7,121.26,64.3,3.23,32,4,10,-0.02,42,28.99,41.80,94,97,94,876.86,26,83,3,4212,2957728,3020376,28480,11.25,22.3,0.09,0.19,0.09,0.12,32
Australia,AUS,3.25,1.70,86.01,No data,2.50,0.00,No data,100.0,100.0,No data,6.57,0.94,No data,-20.32,0.00,0.00,No data,0.13,7,0.1,0.08,No data,20123,0.10,35.80,0,117578,0,132,2.4,75667645,8815000,100.0,27.17,770000,No data,113.58,88.2,4.64,29,No data,3,1.60,77,35.87,37.90,95,93,94,4529.89,6,90,5,57305,25203200,23968959,7682300,15.66,9.1,0.09,0.14,0.14,0.06,29
Austria,AUT,107.21,0.91,58.30,No data,2.27,0.00,No data,100.0,100.0,No data,4.94,0.91,No data,0.00,0.00,0.00,No data,0.69,7,No data,0.05,No data,135,0.07,30.50,0,166133,0,148,2.4,12935505,29460000,0.0,2.48,290000,No data,123.54,84.3,4.15,36,4,3,1.45,77,51.44,76.47,90,84,No data,5295.18,5,59,4,51513,8955108,8536581,82409,19.00,11.4,0.13,0.13,0.14,0.09,36
Azerbaijan,AZE,120.27,1.50,55.68,No data,4.55,0.16,83.24,92.5,91.4,No data,8.44,0.75,No data,11.74,67.84,102.81,0.19,2.61,67,0.1,0.13,0.00,1655112,0.32,26.60,344000,1340,0,131,2.4,2279546,2454000,60.0,3.33,26000,99.8,103.92,78.2,4.65,26,10,28,-0.10,30,34.47,46.88,95,97,96,1193.06,26,83,3,4721,10047719,9701947,82658,6.20,22.2,0.07,0.19,0.07,0.09,26
Bahamas,BHS,38.53,1.13,83.03,No data,3.40,0.22,No data,94.9,98.9,No data,6.85,0.81,No data,341.49,0.00,0.00,No data,No data,15,3.3,0.66,No data,3940,0.35,No data,0,42,0,114,18.1,1197116,1439000,40.0,25.62,4800,No data,98.95,80.0,No data,26,No data,No data,0.54,64,19.37,29.00,94,76,93,1435.57,70,50,3,31858,389486,388019,10010,7.26,15.5,0.06,0.25,0.09,0.09,26
Bahrain,BHR,2017.27,5.03,89.29,No data,No data,0.00,No data,100.0,100.0,No data,6.60,0.84,No data,0.00,0.00,0.00,No data,No data,12,0.1,0.06,No data,2,0.21,No data,0,319,0,130,7.1,5877003,11370000,100.0,0.26,3400,97.5,133.34,98.0,4.54,22,No data,No data,0.18,42,9.26,20.30,97,99,97,1866.30,14,88,4,24051,1641164,1377312,760,2.43,11.3,0.05,0.19,0.08,0.11,22
Bangladesh,BGD,1239.58,3.19,36.63,49.4,4.47,0.00,34.81,48.2,97.0,49.4,8.84,0.61,0.20,17988.28,2224.79,2354.35,1.06,5.68,221,0.1,0.02,1.86,56339394,0.54,32.40,426000,859216,0,110,14.7,5984155,No data,60.0,0.06,24000,73.9,100.24,18.2,2.27,18,29,28,-0.75,26,5.27,7.70,97,96,97,90.60,173,58,3,1698,163046173,161045880,130170,5.16,21.6,0.05,0.18,0.05,0.05,18
Barbados,BRB,666.61,0.10,31.15,No data,No data,0.83,88.47,97.3,98.5,No data,5.27,0.81,0.01,20.98,0.00,0.00,No data,2.11,0,1.3,1.14,No data,398,0.26,No data,0,6,0,120,3.9,No data,664000,No data,0.04,1800,99.6,114.89,79.5,3.36,35,No data,No data,0.43,62,24.89,58.00,90,77,89,1322.99,27,No data,3,16328,287021,284215,430,15.80,16.2,0.11,0.24,0.09,0.13,35
Belarus,BLR,46.73,0.45,78.60,45.2,2.48,0.00,No data,97.8,96.5,45.2,5.89,0.82,No data,3.24,67.67,69.54,0.20,2.31,37,0.4,0.48,No data,0,0.12,25.40,0,2428,0,133,2.4,2760168,11060200,No data,8.81,200000,99.8,122.93,71.1,No data,35,No data,4,-0.30,45,40.77,110.46,97,98,No data,1151.41,2,No data,3,6290,9452409,9493628,202910,14.85,23.7,0.11,0.17,0.10,0.07,35
Belgium,BEL,377.21,0.45,98.00,No data,2.36,0.00,No data,99.5,100.0,No data,5.51,0.92,No data,-11.66,0.00,0.00,No data,2.27,10,No data,No data,No data,12,0.05,27.70,0,61718,0,147,2.4,13639487,8385000,60.0,0.39,150000,No data,99.70,86.5,4.20,35,8,2,1.17,75,33.23,62.29,98,85,94,4667.88,5,80,5,46556,11539326,11299959,30280,18.79,11.4,0.13,0.14,0.12,0.11,35
Belize,BLZ,16.79,2.19,45.72,5.1,No data,0.78,90.08,87.9,98.0,5.1,10.07,0.72,0.02,0.00,6.61,5.44,1.97,4.94,36,1.8,1.57,0.03,6903,0.39,No data,0,3342,0,120,7.5,1297533,427000,20.0,7.24,6000,No data,85.53,44.6,1.80,21,No data,No data,-0.59,No data,11.26,13.00,88,88,No data,541.43,36,33,3,5025,390351,361497,22810,4.74,22.1,0.05,0.28,0.10,0.07,21
Benin,BEN,101.85,3.89,47.31,59.6,4.96,53.83,11.03,16.5,66.4,59.6,15.88,0.52,0.37,40.10,322.70,267.21,5.55,1.92,58,1.0,0.60,367.91,5909521,0.61,47.80,0,1494,0,127,10.1,No data,281000,0.0,0.86,13000,42.4,82.38,12.0,2.25,16,No data,36,-0.57,41,1.57,5.00,82,No data,75,83.48,397,35,2,902,11801151,10875906,112760,3.25,19.6,0.03,0.30,0.05,0.04,16
Bhutan,BTN,19.78,2.97,40.90,No data,No data,0.00,79.81,69.3,97.2,No data,8.33,0.62,0.17,0.00,42.37,27.70,4.51,2.38,134,0.1,No data,0.02,234506,0.44,37.40,0,0,0,110,14.9,275849,255000,40.0,161.80,1600,66.6,93.26,41.8,4.54,19,No data,68,0.36,68,3.72,17.40,98,99,No data,293.11,183,53,3,3360,763094,809553,38394,6.00,23.3,0.04,0.18,0.05,0.05,19
Bolivia,BOL,10.48,1.92,69.43,49.5,3.53,13.30,25.38,60.7,92.8,49.5,10.31,0.70,0.09,23.24,341.62,261.73,1.85,3.45,111,0.3,0.25,1.30,1773280,0.45,44.00,0,856,0,105,17.1,4122113,1134000,Other,50.02,95000,92.5,100.82,39.7,1.49,20,27,16,-0.32,31,16.11,11.00,84,No data,83,496.31,155,No data,2,3549,11513102,10729682,1083300,7.19,17.2,0.04,0.27,0.08,0.06,20
Bosnia and Herzegovina,BIH,64.92,-0.06,48.25,7.6,No data,0.00,97.16,95.4,96.1,7.6,4.17,0.77,0.01,133.14,210.71,182.84,1.75,10.52,27,No data,No data,No data,0,0.16,33.00,99000,6239,0,130,2.4,No data,923000,0.0,2.30,38000,97.0,104.13,54.7,1.92,38,No data,5,-0.62,36,20.00,34.99,75,80,No data,1123.43,10,33,2,5951,3300998,3803000,51000,16.47,17.8,0.14,0.19,0.13,0.13,38
Botswana,BWA,3.98,3.28,69.45,No data,3.52,11.03,No data,77.3,90.3,No data,11.81,0.73,No data,5.00,68.23,68.29,0.46,0.17,300,21.9,12.83,1.97,241157,0.46,53.30,0,2315,0,99,26.4,253417,No data,0.0,10.52,40000,87.7,150.01,39.4,3.67,28,No data,No data,0.33,61,3.69,18.00,95,74,89,931.30,144,26,No data,8259,2303703,2259550,566730,4.22,20.3,0.04,0.28,0.07,0.07,28
Brazil,BRA,25.06,1.08,86.57,16.3,3.31,1.13,No data,88.3,98.2,16.3,6.91,0.76,0.02,587.99,313.45,339.59,0.02,0.16,44,0.6,0.42,5.13,9411158,0.39,53.30,0,164017,0,131,2.4,102109977,6589000,60.0,153.75,900000,93.2,98.84,60.9,1.32,23,No data,9,-0.45,35,21.50,22.00,89,41,84,1777.47,60,87,4,8921,211049519,207841876,8459420,8.92,16.6,0.07,0.29,0.08,0.05,23
Brunei Darussalam,BRN,81.40,1.46,77.63,No data,No data,2.60,No data,96.3,99.9,No data,7.54,0.84,No data,0.00,0.00,0.00,No data,No data,64,0.0,No data,No data,2,0.23,No data,0,0,0,122,3.2,1234455,259000,No data,0.72,1500,97.2,131.93,90.0,4.24,25,No data,No data,1.25,60,17.70,27.40,99,98,No data,1812.41,31,No data,4,31628,433296,423139,5270,4.87,16.6,0.04,0.31,0.06,0.10,25
Bulgaria,BGR,64.70,-0.28,75.01,No data,2.34,0.00,No data,86.0,99.1,No data,4.49,0.82,No data,0.00,0.00,0.00,No data,3.68,24,0.1,0.06,No data,218,0.22,37.40,0,21494,0,115,3.6,1022645,8883000,40.0,7.70,84000,98.4,118.94,59.8,2.63,40,9,18,0.27,43,39.88,68.16,92,92,91,1577.94,10,64,4,9273,7000117,7126072,108560,21.02,23.6,0.17,0.18,0.13,0.09,40
Burkina Faso,BFA,72.19,4.98,29.36,58.5,5.92,46.67,11.88,19.4,47.9,58.5,16.77,0.43,0.52,2325.90,399.83,437.65,7.92,3.23,49,0.8,0.39,411.99,6531262,0.61,35.30,779741,25898,0,124,20.0,151531,143000,0.0,7.88,41000,41.2,97.91,14.0,2.55,14,9,44,-0.58,40,0.60,4.00,91,50,91,115.60,320,29,2,731,20321383,18078091,273600,2.41,21.7,0.03,0.33,0.05,0.03,14
Burundi,BDI,435.18,5.70,13.03,48.6,4.83,2.62,6.14,45.8,60.8,48.6,17.51,0.42,0.40,1842.91,210.90,216.90,14.79,1.59,114,1.1,0.47,194.50,5340398,0.52,38.60,23378,91800,45536,94,36.8,No data,299000,0.0,0.03,6000,68.4,56.53,5.2,3.33,14,28,73,-1.42,19,0.50,7.90,91,75,91,50.25,548,23,2,275,11530577,11162958,25680,2.25,22.9,0.03,0.29,0.05,0.03,14
Cabo Verde,CPV,134.93,1.88,65.73,No data,No data,20.17,No data,73.9,87.1,No data,9.56,0.65,No data,0.00,93.93,56.02,4.31,11.81,134,0.8,0.38,2.98,145562,0.37,47.20,0,0,0,113,12.6,140429,668000,40.0,23.33,2400,86.8,112.24,50.3,3.62,20,8,No data,0.32,58,7.69,21.00,96,85,No data,347.64,58,46,2,3654,549936,520502,4030,4.61,17.2,0.06,0.25,0.05,0.05,20
Cambodia,KHM,92.06,3.25,23.39,47.7,4.61,31.75,66.23,59.2,78.5,47.7,10.80,0.58,0.17,87.16,595.85,546.01,3.36,5.84,326,0.6,0.10,18.40,5298995,0.47,No data,0,0,0,109,16.4,1411059,5602000,60.0,47.65,33000,80.5,119.49,32.4,2.92,20,11,50,-0.57,20,1.68,8.33,93,61,82,228.57,160,46,3,1512,16486542,15460764,176520,4.57,21.1,0.04,0.30,0.07,0.06,20
Cameroon,CMR,53.34,3.68,56.37,21.7,4.99,6.95,2.73,39.1,60.4,21.7,15.68,0.56,0.24,4026.21,549.27,648.67,3.08,0.86,194,3.8,2.07,303.80,16222133,0.57,46.60,668000,418004,0,123,9.9,265136,No data,20.0,1.48,37000,77.1,73.19,25.0,2.92,15,33,36,-0.80,25,0.90,13.00,86,No data,84,169.29,529,38,3,1527,25876387,23371047,472710,2.73,21.6,0.03,0.30,0.05,0.03,15
Canada,CAN,4.08,1.48,81.41,0.0,2.47,0.00,No data,99.3,99.4,0.0,5.29,0.92,No data,-6.89,0.00,0.00,No data,0.08,6,No data,No data,No data,5,0.08,34.00,0,192915,0,141,2.4,89380000,20798000,100.0,57.38,1200000,No data,89.58,89.8,4.98,32,No data,8,1.72,77,26.10,27.00,91,86,80,4718.30,10,99,5,46125,37411038,35922368,9093510,17.23,9.8,0.12,0.11,0.10,0.08,32
Central African Republic,CAF,7.49,2.45,41.36,97.5,No data,23.75,16.60,25.3,46.3,97.5,15.40,0.38,0.46,7515.35,248.56,280.21,27.48,No data,423,4.0,3.01,387.32,3765243,0.68,56.20,641000,8284,35182,81,59.6,No data,No data,0.0,19.40,30000,37.4,27.41,4.0,No data,16,26,80,-1.72,25,0.63,10.00,47,No data,47,29.91,829,13,1,510,4745179,4912660,622980,2.83,23.1,0.03,0.32,0.06,0.06,16
Chad,TCD,12.29,3.90,23.06,87.0,5.78,66.99,5.82,8.3,38.7,87.0,18.01,0.40,0.53,6363.27,228.79,308.73,7.91,No data,154,1.3,0.67,188.61,6222557,0.70,43.30,169003,446817,6351,98,37.5,No data,87000,20.0,1.40,31000,22.3,45.12,5.0,2.35,14,18,74,-1.53,20,0.48,4.00,41,No data,No data,94.95,1140,29,2,730,15946882,14012920,1259200,2.48,23.9,0.03,0.34,0.05,0.03,14
Chile,CHL,25.19,1.48,87.56,9.0,No data,0.00,No data,100.0,99.8,9.0,6.24,0.85,No data,18.51,47.79,0.00,0.03,0.02,17,0.5,0.62,No data,15,0.29,46.60,0,14045,0,126,2.7,19517185,6450000,40.0,8.08,150000,96.4,134.44,66.0,3.04,27,No data,10,1.08,67,10.80,22.00,93,90,93,2002.01,13,74,4,15923,18952035,17946833,743532,11.53,12.4,0.07,0.17,0.09,0.08,27
China,CHN,148.35,2.49,59.15,25.2,No data,0.23,No data,84.8,92.8,25.2,5.93,0.76,0.02,0.28,-440.36,-380.92,-0.01,0.18,63,0.1,No data,0.00,26376326,0.16,38.60,0,322359,0,132,8.5,611439830,60740000,100.0,42.61,1000000,96.8,115.53,53.2,4.47,29,No data,33,0.48,41,17.86,42.00,99,99,No data,761.49,29,94,5,9771,1433783692,1376121789,9327490,10.92,17.0,0.08,0.33,0.07,0.07,29
Colombia,COL,44.75,1.93,80.78,28.1,3.53,3.07,65.39,89.6,97.3,28.1,7.41,0.76,0.02,4661.03,738.56,1636.96,0.55,1.92,33,0.4,No data,7.40,3391009,0.41,49.70,5761000,3190,23897,132,4.8,33704037,4113000,80.0,446.50,120000,95.1,129.91,58.1,1.73,23,18,11,-0.09,37,20.84,15.00,92,89,91,829.80,83,66,3,6651,50339443,48192215,1109500,8.48,15.8,0.06,0.26,0.07,0.04,23
Comoros,COM,447.24,2.87,28.97,69.6,5.37,0.59,15.57,35.9,80.2,69.6,14.40,0.54,0.18,49.37,24.72,25.62,7.31,13.81,35,0.1,0.02,3.97,828148,No data,45.30,0,0,0,105,30.9,No data,28000,0.0,2.56,690,58.8,59.94,7.9,No data,15,5,No data,-1.64,25,1.70,21.60,91,No data,No data,115.85,273,19,1,1445,850891,788474,1861,3.01,22.9,0.04,0.29,0.06,0.05,15
Congo,COG,15.36,3.27,66.92,48.0,4.31,8.75,47.96,20.2,73.2,48.0,15.11,0.61,0.11,426.42,39.16,71.60,1.43,0.09,376,3.1,2.50,197.64,1784187,0.58,48.90,107000,53605,2,91,40.3,333899,206000,40.0,41.32,5900,80.3,95.34,8.1,No data,17,No data,54,-1.22,19,1.16,16.00,69,No data,66,263.29,378,47,3,2148,5380504,4641885,341500,2.68,16.7,0.03,0.25,0.07,0.07,17
Congo DR,COD,37.08,4.54,44.46,79.1,5.30,12.05,4.47,20.5,43.2,79.1,17.86,0.46,0.39,0.00,1190.15,1363.76,5.51,3.86,322,0.7,0.25,307.62,55563633,0.65,42.10,3081000,531258,6628,87,59.6,932043,No data,0.0,4.70,180000,77.0,43.38,3.8,2.38,15,37,75,-1.55,18,0.90,8.00,81,No data,79,34.49,473,34,3,562,86790568,77236049,2267050,3.02,19.4,0.03,0.25,0.06,0.05,15
Costa Rica,CRI,97.91,1.98,79.34,3.9,3.46,0.20,83.84,97.8,99.7,3.9,6.96,0.79,No data,111.96,60.07,54.89,0.17,0.89,10,0.4,0.40,0.01,7794,0.29,48.30,0,37165,0,119,4.8,1948546,2960000,60.0,11.83,23000,97.9,169.93,66.0,3.20,26,No data,4,0.38,56,11.50,11.60,96,93,96,1248.55,27,70,4,12027,5047561,4810126,51060,9.55,11.5,0.07,0.24,0.08,0.05,26
C�te d'Ivoire,CIV,78.83,3.45,50.78,59.2,5.09,25.74,19.35,32.1,72.9,59.2,15.75,0.52,0.24,26.34,289.52,508.67,2.32,0.76,148,2.7,1.93,138.86,20479536,0.66,41.50,302000,2027,2839,123,19.0,779482,1800000,40.0,1.37,32000,47.2,134.86,26.5,3.57,16,22,48,-0.57,35,2.33,4.00,84,No data,99,162.64,617,44,3,1716,25716554,22700258,318000,2.86,29.1,0.03,0.36,0.05,0.03,16
Croatia,HRV,73.08,-0.36,56.95,No data,2.80,0.44,No data,96.5,99.6,No data,4.53,0.84,No data,0.00,0.00,0.00,No data,4.73,10,0.1,No data,No data,15,0.12,31.10,0,1007,9,125,2.4,2093577,15593000,80.0,2.65,83000,99.1,105.58,72.7,1.98,39,4,4,0.46,47,29.96,55.60,92,95,No data,1705.21,8,73,4,14869,4130299,4240006,55960,20.45,16.7,0.14,0.15,0.13,0.11,39
Cuba,CUB,109.00,0.07,77.04,6.6,No data,0.27,85.20,92.8,95.3,6.6,5.18,0.78,No data,44.61,312.13,267.27,3.00,No data,7,0.4,0.32,No data,40866,0.31,No data,0,319,0,139,2.4,560754,4594000,100.0,1.41,67000,99.8,47.39,38.8,No data,33,No data,4,-0.24,48,81.90,52.00,99,99,No data,2457.67,36,100,3,8541,11333484,11389559,106440,15.19,16.4,0.09,0.22,0.10,0.08,33
Cyprus,CYP,128.71,0.77,66.81,No data,2.76,0.00,No data,99.2,99.6,No data,5.45,0.87,No data,0.00,0.00,0.00,No data,1.99,6,0.1,0.10,No data,4,0.09,34.00,228000,21321,0,106,5.6,401408,3652000,80.0,4.71,19000,98.7,138.90,75.9,2.79,29,3,10,0.92,58,19.51,34.17,97,88,81,2270.83,6,74,4,28159,1198574,1165275,9240,13.72,11.3,0.09,0.14,0.11,0.10,29
Czech Republic,CZE,137.60,0.45,73.79,No data,2.40,0.00,No data,99.1,99.9,No data,5.20,0.89,No data,0.00,0.00,0.00,No data,1.60,5,0.1,0.06,No data,1,0.14,25.90,0,4121,0,127,2.4,5727200,10160000,20.0,1.62,210000,No data,119.11,75.7,2.58,39,6,2,0.92,56,43.14,64.90,96,90,No data,2484.63,3,67,4,22973,10689213,10543853,77240,19.42,15.0,0.16,0.15,0.12,0.13,39
Denmark,DNK,138.07,0.69,87.87,0.0,No data,0.00,No data,99.6,100.0,0.0,5.24,0.93,No data,-82.67,0.00,0.00,No data,0.39,5,0.2,0.05,No data,0,0.04,28.20,0,39350,0,129,2.4,No data,11743000,100.0,5.95,150000,No data,125.12,97.0,5.11,37,7,0,1.87,87,44.57,25.30,98,88,97,5092.98,4,96,5,60596,5771877,5669094,42430,19.81,11.3,0.12,0.14,0.12,0.16,37
Djibouti,DJI,41.37,1.72,77.78,65.6,No data,17.32,No data,63.6,75.6,65.6,10.28,0.50,No data,435.61,73.39,67.27,5.80,1.99,269,1.3,0.88,31.90,110561,No data,41.60,0,28257,0,109,18.9,No data,No data,20.0,0.05,2600,No data,41.20,13.1,No data,19,No data,No data,-0.90,30,2.20,14.00,68,82,68,122.08,248,37,2,2050,973557,883091,23180,4.53,19.6,0.04,0.35,0.05,0.04,19
Dominica,DMA,95.50,0.66,70.48,No data,No data,3.75,No data,77.9,96.5,No data,No data,0.72,No data,0.50,0.51,9.57,5.24,8.93,2,No data,No data,No data,6920,No data,No data,0,0,0,119,6.2,No data,72000,80.0,4.09,1000,No data,105.79,67.0,No data,No data,No data,No data,-0.29,55,10.83,No data,91,81,No data,580.66,No data,70,3,7032,71808,72680,750,No data,No data,0.08,0.27,0.09,0.11,No data
Dominican Republic,DOM,219.98,2.07,81.07,14.8,3.48,2.87,55.18,83.9,96.7,14.8,9.37,0.74,0.02,24.83,79.49,40.81,0.11,7.96,45,1.0,0.38,0.07,2805557,0.45,45.70,0,503,0,115,9.5,No data,6188000,20.0,0.74,29000,93.8,84.10,61.3,1.46,21,16,2,-0.40,28,15.60,16.00,84,No data,64,936.82,95,48,3,7650,10738957,10520392,48320,7.08,19.0,0.06,0.26,0.08,0.06,21
Ecuador,ECU,68.79,2.00,63.82,20.3,3.78,2.10,80.63,88.0,94.0,20.3,9.57,0.76,0.02,781.44,138.55,220.13,0.38,2.80,43,0.3,0.22,2.63,1848654,0.39,44.70,0,118614,0,114,7.9,5365261,1608000,80.0,306.32,62000,92.8,92.32,54.1,1.58,20,11,25,-0.26,38,20.50,15.00,85,73,84,942.89,59,73,3,6345,17373657,16147651,248360,7.16,13.0,0.05,0.22,0.07,0.06,20
Egypt,EGY,98.87,2.03,42.70,4.1,4.13,0.00,89.83,94.2,99.1,4.1,12.75,0.70,0.02,1551.61,40.79,522.75,0.84,10.17,13,0.1,0.04,0.00,5021586,0.45,31.80,97000,311704,0,153,4.5,12340832,8157000,80.0,0.68,83000,71.2,95.29,41.2,3.01,23,14,36,-0.58,35,7.90,15.60,94,94,No data,516.34,37,82,4,2549,100388076,91515179,995450,5.23,27.7,0.05,0.26,0.09,0.07,23
El Salvador,SLV,309.88,1.55,72.02,22.4,4.07,1.01,90.65,87.4,97.4,22.4,8.95,0.67,0.03,51.99,137.09,207.47,1.01,20.68,72,0.6,0.33,0.00,1411062,0.40,38.00,0,66,0,118,9.0,2545105,1556000,100.0,0.77,11000,88.5,146.92,29.0,1.47,24,7,8,-0.45,34,15.69,13.00,85,86,87,599.55,46,75,3,4058,6453550,6126238,20720,8.29,14.0,0.06,0.28,0.08,0.07,24
Equatorial Guinea,GNQ,46.67,4.35,72.14,66.1,No data,2.85,24.64,66.3,64.7,66.1,14.39,0.59,No data,0.00,6.14,5.54,0.05,No data,191,6.2,5.40,343.26,429326,No data,No data,0,0,0,122,10.5,466435,No data,40.0,2.20,3200,95.0,45.17,23.8,No data,18,44,53,-1.29,16,4.00,21.00,25,No data,No data,838.74,301,22,2,10174,1355982,824543,28050,2.46,22.0,0.03,0.19,0.06,0.06,18
Eritrea,ERI,34.62,No data,No data,No data,No data,67.00,No data,11.9,51.8,No data,14.03,0.43,No data,331.45,17.40,15.78,No data,No data,67,0.6,0.23,22.87,1076700,No data,No data,0,2252,297,105,20.6,102729,No data,20.0,14.64,4700,76.6,20.36,1.2,No data,16,No data,51,-1.73,23,No data,7.00,95,88,95,55.33,480,35,2,811,3497117,5290052,101000,No data,23.9,0.03,0.30,0.05,0.03,16
Estonia,EST,30.39,0.50,68.88,No data,2.30,0.00,No data,99.1,99.7,No data,5.21,0.88,No data,0.23,0.00,0.00,No data,1.84,15,1.3,0.38,No data,9,0.09,32.70,0,359,0,127,2.9,31981,3245000,40.0,38.02,53000,99.9,145.44,87.2,3.77,39,4,17,1.19,74,34.65,49.60,93,91,No data,1987.72,9,74,4,22928,1325649,1310350,42390,19.63,17.0,0.13,0.16,0.09,0.11,39
Eswatini,SWZ,66.06,1.75,23.80,32.7,4.74,7.04,24.10,58.4,69.0,32.7,12.50,0.61,0.08,87.17,79.78,68.09,2.54,2.67,398,27.2,13.50,1.89,261261,0.58,51.50,0,1629,0,103,20.6,No data,921000,20.0,29.91,7200,88.4,93.53,28.6,2.96,29,No data,20,-0.66,34,0.80,21.00,90,89,87,663.25,437,42,3,4140,1148133,1282702,17200,4.01,26.7,0.04,0.34,0.06,0.09,29
Ethiopia,ETH,109.22,4.83,20.76,65.9,4.61,22.35,7.96,7.3,41.1,65.9,14.78,0.47,0.49,20391.09,2206.62,2061.42,5.88,0.52,164,1.1,0.22,37.37,69802693,0.51,39.10,1140713,760156,16,105,20.6,11501244,933000,40.0,58.80,84000,51.8,37.22,15.4,3.73,14,20,63,-0.61,37,1.00,3.12,73,No data,68,69.52,401,58,3,772,112078727,99262853,1000000,3.50,18.3,0.03,0.21,0.05,0.02,14
Fiji,FJI,48.36,1.59,56.25,10.8,4.78,0.00,No data,95.1,93.8,10.8,10.12,0.72,No data,16.28,95.31,84.74,2.15,5.14,49,0.1,No data,No data,911449,0.36,36.70,0,19,0,126,3.7,1670216,843000,100.0,11.43,3400,99.1,117.83,46.5,No data,32,30,43,0.26,No data,8.37,23.00,99,94,99,313.17,34,63,2,6202,889955,891971,18270,5.45,30.6,0.07,0.40,0.12,0.21,32
Finland,FIN,18.16,0.25,85.38,No data,2.07,0.00,No data,99.4,100.0,No data,4.90,0.93,No data,-12.87,0.00,0.00,No data,0.34,5,No data,No data,No data,5,0.05,27.10,0,25585,0,133,2.4,13364839,3180000,100.0,3.33,260000,No data,129.47,87.7,5.80,38,8,11,1.98,86,38.08,43.50,89,92,85,4112.05,3,94,5,49960,5532159,5501824,303890,21.72,10.2,0.13,0.13,0.11,0.13,38
France,FRA,122.34,0.51,80.44,No data,2.26,0.00,No data,98.7,100.0,No data,5.63,0.89,No data,0.00,0.00,0.00,No data,0.97,8,0.4,0.18,No data,321,0.05,32.70,0,457426,0,138,2.4,70188028,86861000,40.0,12.39,1400000,No data,108.36,85.6,3.65,34,No data,7,1.48,69,32.35,64.77,96,80,92,4782.29,8,82,4,41464,65129731,64408492,547660,20.03,10.6,0.13,0.14,0.12,0.08,34
Gabon,GAB,8.22,3.04,89.37,36.6,4.10,2.95,No data,47.4,85.8,36.6,14.56,0.70,0.07,0.00,91.87,104.28,0.74,0.11,529,3.6,2.51,168.87,694119,0.53,38.00,0,774,0,122,10.5,No data,No data,0.0,1.18,4500,84.7,138.28,48.1,3.01,19,32,50,-0.81,31,3.61,13.00,75,No data,No data,555.63,252,40,2,8030,2172578,1748162,257670,3.56,14.4,0.04,0.23,0.07,0.08,19
Gambia,GMB,225.31,4.05,61.27,26.0,8.23,1.08,7.88,39.2,78.0,26.0,17.09,0.47,0.29,38.78,45.00,47.21,14.51,12.47,174,1.7,1.17,56.67,160763,0.62,35.90,0,4382,0,119,10.2,53735,162000,20.0,8.11,4200,50.8,139.53,18.5,3.92,14,7,58,-0.62,37,1.08,11.00,92,68,90,74.31,597,35,2,712,2347696,2003564,10120,2.59,20.4,0.03,0.39,0.05,0.03,14
Georgia,GEO,65.28,0.77,58.63,34.1,No data,0.00,No data,90.0,98.4,34.1,6.86,0.79,No data,0.00,191.52,356.87,3.49,11.56,86,0.5,0.40,0.00,412310,0.35,37.90,293000,2677,0,116,7.9,516034,6483000,40.0,2.20,57000,99.4,136.38,58.0,2.91,35,No data,9,0.61,56,50.98,25.85,91,90,80,797.18,25,66,3,4345,3996762,4001289,69490,14.87,24.9,0.11,0.20,0.10,0.14,35
Germany,DEU,237.37,0.39,77.31,0.0,2.14,0.00,No data,99.2,100.0,0.0,4.77,0.94,No data,-164.22,0.00,0.00,No data,0.46,8,No data,No data,No data,752,0.08,31.70,0,1433121,0,139,2.4,109796202,37452000,80.0,1.04,1800000,No data,129.32,89.6,5.14,38,5,20,1.62,80,42.09,82.78,95,93,84,5463.33,7,91,5,48196,83517046,80749712,348570,21.46,12.1,0.14,0.14,0.13,0.10,38
Ghana,GHA,130.82,3.36,56.06,30.4,3.49,18.06,41.05,18.5,81.5,30.4,13.59,0.60,0.14,15.19,593.85,624.42,1.66,5.37,152,1.6,1.05,270.69,16388663,0.54,43.50,5000,12982,0,136,5.5,467438,No data,40.0,9.10,42000,79.0,137.52,34.7,3.42,17,19,28,-0.21,41,1.80,9.00,99,83,99,189.37,308,47,3,2202,30417858,27451740,227540,3.07,20.8,0.04,0.29,0.05,0.04,17
Greece,GRC,83.22,0.17,79.06,3.0,2.56,0.00,No data,99.0,100.0,3.0,4.01,0.87,No data,2531.85,0.00,0.00,No data,0.22,4,0.3,0.18,No data,41,0.12,36.00,0,137559,0,134,2.4,15125934,27194000,No data,18.36,170000,97.4,115.67,69.1,2.19,37,8,2,0.34,48,45.92,42.50,99,83,96,2261.16,3,No data,4,20324,10473452,10956461,128900,21.66,12.4,0.13,0.14,0.12,0.10,37
Grenada,GRD,327.81,0.82,36.27,6.0,No data,3.54,No data,91.5,95.6,6.0,8.09,0.76,No data,0.00,1.38,1.04,2.86,4.09,3,No data,No data,No data,239,No data,No data,0,5,0,98,18.1,No data,168000,No data,0.83,790,98.6,102.08,55.9,No data,27,No data,No data,-0.25,53,14.47,37.00,96,79,No data,745.10,25,No data,3,10834,112002,106825,340,9.62,21.4,0.09,0.28,0.10,0.11,27
Guatemala,GTM,160.95,2.68,51.05,31.0,4.81,4.69,76.67,65.1,94.2,31.0,11.69,0.65,0.13,545.00,284.15,343.11,0.51,12.03,25,0.5,0.24,0.37,4836947,0.49,48.30,242000,644,0,116,15.2,145795,2113000,60.0,19.34,21000,81.3,118.67,34.5,1.73,19,9,11,-0.68,26,3.55,6.00,82,81,84,462.41,95,62,2,4549,17581476,16327880,107160,4.81,14.9,0.04,0.32,0.06,0.07,19
Guinea,GIN,50.52,3.80,36.14,49.2,6.25,14.35,17.45,22.7,61.9,49.2,16.13,0.47,0.34,58.81,172.40,205.79,5.51,0.26,176,1.5,1.06,336.72,7620187,No data,33.70,0,6175,0,119,16.5,No data,No data,40.0,2.02,34000,32.0,96.77,9.8,2.82,15,No data,92,-0.97,29,0.79,3.00,45,No data,No data,107.72,576,55,3,885,12771246,12608522,245720,2.93,22.4,0.03,0.35,0.06,0.03,15
Guinea-Bissau,GNB,66.65,3.46,43.36,78.9,No data,16.87,6.40,20.5,66.6,78.9,15.70,0.46,0.37,37.33,28.91,23.69,10.46,8.77,374,3.1,2.00,58.01,1348965,No data,50.70,0,4878,0,100,28.0,No data,No data,20.0,582.93,3400,45.6,78.99,3.8,No data,16,No data,42,-1.49,18,2.00,10.00,87,No data,87,97.97,667,40,2,778,1920917,1846291,28120,2.82,20.0,0.03,0.37,0.05,0.04,16
Guyana,GUY,3.96,0.74,26.61,32.6,3.80,0.61,77.16,85.8,95.5,32.6,9.53,0.67,0.01,35.87,14.57,13.74,2.71,8.60,86,1.6,1.09,32.03,730205,0.49,No data,0,40,0,119,8.1,26069,247000,No data,1.02,4200,85.6,82.97,35.7,3.07,24,No data,No data,-0.27,40,7.99,16.00,97,93,97,332.67,169,No data,3,4635,782775,765608,196850,6.45,30.5,0.06,0.31,0.09,0.09,24
Haiti,HTI,403.60,2.97,55.28,65.9,4.43,19.88,22.86,34.7,65.5,65.9,11.24,0.50,0.20,1900.35,640.70,583.98,10.22,32.53,181,2.1,1.06,3.26,6052962,0.62,41.10,34508,11,0,91,49.3,No data,467000,0.0,78.78,23000,61.7,57.53,12.2,1.92,20,14,59,-1.91,18,2.35,7.00,60,25,No data,95.44,480,39,2,868,11263079,10719068,27560,4.95,26.5,0.04,0.41,0.09,0.06,20
Honduras,HND,85.69,2.79,57.10,40.4,4.47,6.01,84.17,81.3,94.8,40.4,10.37,0.62,0.09,177.14,222.59,308.64,2.95,19.93,38,0.4,0.16,0.20,2726402,0.48,50.50,190000,84,0,119,12.9,411989,851000,40.0,2.47,15000,87.2,79.15,30.0,2.11,19,11,12,-0.62,26,3.14,7.00,97,No data,97,400.34,65,34,2,2483,9746115,8084991,111890,4.69,14.0,0.04,0.34,0.08,0.05,19
Hungary,HUN,107.91,0.21,71.35,13.6,2.60,0.00,No data,98.0,100.0,13.6,4.72,0.84,No data,0.00,0.00,0.00,No data,2.68,7,No data,0.05,No data,31,0.26,30.40,0,6164,0,126,2.4,31226848,5650000,40.0,13.20,160000,99.1,103.45,79.3,2.22,39,8,9,0.49,44,32.31,70.37,99,99,99,1963.16,12,67,4,15939,9684680,9856519,90530,19.16,23.0,0.15,0.16,0.14,0.12,39
Iceland,ISL,3.53,2.96,93.81,No data,No data,0.00,No data,98.8,100.0,No data,6.11,0.94,No data,0.00,0.00,0.00,No data,0.65,5,No data,No data,No data,1,0.06,27.80,0,1048,0,137,2.4,7819741,2225000,80.0,8.28,24000,No data,126.14,98.2,4.63,31,No data,No data,1.47,78,39.70,31.71,89,95,88,4245.11,4,84,5,73191,339037,329425,100250,14.80,9.1,0.10,0.13,0.14,0.10,31
India,IND,454.94,2.31,34.03,35.4,4.57,25.73,59.55,59.5,92.7,35.4,8.55,0.65,0.12,131.13,2569.84,2248.58,0.09,2.90,204,0.3,0.15,7.66,515659927,0.50,35.70,479000,207848,0,109,14.5,164035638,15543000,80.0,79.82,730000,74.4,86.94,29.5,4.19,24,22,22,0.28,41,7.78,6.60,88,77,No data,241.48,145,75,3,2016,1366417756,1311147391,2973190,6.18,23.3,0.04,0.42,0.06,0.05,24
Indonesia,IDN,147.75,2.34,55.33,30.9,3.99,9.68,64.20,73.1,89.3,30.9,8.85,0.71,0.03,914.55,117.16,1084.08,0.09,1.08,319,0.4,0.32,5.80,100463258,0.45,38.10,16000,14016,0,126,8.3,115154101,14040000,80.0,1.83,180000,95.7,119.34,25.4,3.70,24,No data,34,0.18,40,3.78,12.10,79,63,No data,362.72,177,63,3,3894,270625567,257563219,1811570,5.86,26.4,0.05,0.36,0.08,0.08,24
Iran,IRN,50.22,2.06,74.90,23.9,3.51,0.54,No data,88.4,95.2,23.9,9.15,0.80,No data,574.85,108.90,131.00,0.03,0.29,14,0.1,0.09,0.07,31,0.49,40.00,0,979468,8,131,4.9,25604871,4867000,40.0,1.27,160000,85.5,108.46,53.2,3.45,23,No data,21,-0.43,26,11.40,15.00,99,98,No data,1563.75,16,85,4,5628,82913893,79156260,1628550,6.18,14.8,0.06,0.25,0.06,0.07,23
Iraq,IRQ,88.53,2.60,70.47,46.4,No data,0.02,94.58,94.1,96.5,46.4,13.67,0.69,0.03,22241.21,2278.87,1961.14,1.04,0.33,42,No data,No data,0.00,2170486,0.54,29.50,1414632,292673,63,109,29.0,2075066,No data,80.0,3.81,48000,50.1,95.04,21.2,No data,18,No data,55,-1.32,20,8.22,13.80,63,74,33,493.72,79,82,2,5878,39309789,36430976,434320,3.32,21.3,0.05,0.24,0.08,0.07,18
Ireland,IRL,70.45,1.31,63.17,No data,2.81,0.00,No data,91.2,97.4,No data,6.59,0.94,No data,-0.61,0.00,0.00,No data,0.16,7,0.2,No data,No data,10,0.09,31.80,0,13237,0,147,2.4,167598633,10338000,0.0,0.93,110000,No data,103.17,85.0,4.64,31,4,1,1.42,74,30.86,27.61,95,No data,91,5299.65,5,67,4,77450,4882498,4701152,68890,13.87,10.3,0.09,0.13,0.14,0.11,31
Israel,ISR,410.53,2.03,92.42,No data,3.14,0.00,No data,100.0,100.0,No data,9.94,0.91,No data,0.00,0.00,0.00,No data,0.25,3,No data,No data,No data,0,0.10,38.90,0,54139,0,160,2.4,7404373,3613000,20.0,4.35,46000,No data,127.66,79.7,3.44,24,No data,No data,1.21,60,32.18,30.92,98,96,94,2843.04,3,91,5,41614,8519373,8054718,21640,11.98,9.6,0.07,0.14,0.09,0.08,24
Italy,ITA,205.45,0.24,70.44,No data,2.40,0.00,No data,98.8,99.4,No data,3.94,0.88,No data,48.24,0.00,0.00,No data,0.48,7,0.3,0.09,No data,103,0.07,35.40,0,294867,0,144,2.4,27630436,58253000,80.0,0.97,710000,99.2,137.47,61.3,1.86,38,No data,5,0.41,53,40.93,34.22,94,86,91,3427.31,2,85,5,34318,60550092,59821024,294140,22.75,9.5,0.13,0.17,0.08,0.11,38
Jamaica,JAM,270.99,1.01,55.67,59.8,3.06,0.52,66.42,87.3,90.6,59.8,7.91,0.73,0.02,0.00,32.26,51.90,0.66,15.92,5,1.7,1.17,No data,305891,0.40,No data,0,37,0,114,8.0,180951,2353000,80.0,2.87,8300,88.1,101.03,45.0,2.71,27,9,5,0.50,43,13.20,17.00,93,95,No data,535.66,80,76,3,5356,2948277,2793335,10830,8.80,14.7,0.07,0.26,0.09,0.10,27
Japan,JPN,347.07,-0.11,91.62,No data,2.42,0.00,No data,99.9,99.0,No data,3.87,0.91,No data,8.00,0.00,0.00,No data,0.09,15,0.1,0.03,No data,8,0.10,No data,0,30935,0,114,2.4,126387527,28691000,No data,0.76,1400000,No data,141.41,93.2,4.51,43,No data,9,1.68,73,24.12,134.00,99,95,99,4592.43,5,No data,5,39287,126860299,126573461,364500,27.58,8.4,0.13,0.26,0.09,0.08,43
Jordan,JOR,112.14,2.05,90.98,21.1,5.07,0.19,No data,97.3,98.9,21.1,10.77,0.72,0.00,14736.99,1878.13,1972.14,6.00,10.58,7,0.1,No data,No data,155,0.47,33.70,0,3124175,0,114,12.2,3383805,3843500,40.0,22.28,29000,98.2,87.62,62.3,3.75,19,14,18,0.11,48,23.44,14.00,99,99,No data,494.75,46,48,3,4248,10101697,7591075,88780,3.85,19.2,0.05,0.11,0.08,0.07,19
Kazakhstan,KAZ,6.77,1.48,57.43,No data,3.50,0.00,99.00,97.9,95.6,No data,10.50,0.82,0.00,0.00,7.60,7.63,0.05,0.34,66,0.2,0.34,0.00,1,0.20,27.50,0,769,0,138,2.4,7143797,7701000,100.0,68.89,160000,99.8,142.28,74.6,3.76,24,No data,14,0.02,34,32.52,67.18,99,99,98,858.77,10,71,3,9331,18551428,17626380,2699700,7.39,26.8,0.06,0.18,0.07,0.07,24
Kenya,KEN,90.30,4.05,27.03,46.5,3.64,10.34,24.65,29.1,58.9,46.5,13.33,0.58,0.18,4530.67,1502.94,1537.10,2.85,3.09,319,5.4,1.95,70.83,11626062,0.54,40.80,162000,501650,0,98,29.4,5935831,1364000,40.0,195.60,60000,81.5,96.32,26.0,2.74,17,26,42,-0.41,28,1.99,14.00,82,35,71,143.54,342,35,3,1711,52573967,46121754,569140,2.34,13.4,0.03,0.35,0.05,0.04,17
Kiribati,KIR,143.02,2.95,54.06,No data,No data,28.45,No data,47.8,71.6,No data,12.72,0.62,No data,0.34,40.81,57.45,20.47,9.54,413,No data,No data,No data,120007,No data,37.00,0,0,0,141,2.7,66567,5800,80.0,0.56,750,No data,50.79,13.7,No data,29,36,No data,-0.28,No data,2.03,18.60,90,79,91,249.84,92,51,2,1625,117608,112454,810,3.95,28.4,0.05,0.54,0.12,0.18,29
Korea DPR,PRK,212.19,0.83,61.90,No data,3.93,0.00,No data,83.2,94.5,No data,6.79,No data,No data,919.37,19.38,25.67,No data,No data,513,No data,No data,0.22,5554958,No data,No data,0,0,0,84,47.8,103560,No data,60.0,1.51,35000,100.0,14.98,No data,No data,29,No data,No data,-1.57,17,36.75,143.00,97,98,No data,No data,89,63,3,1700,25666158,25059533,120410,9.33,25.6,0.07,0.51,0.12,0.07,29
Korea Republic of,KOR,529.65,0.27,81.46,No data,No data,0.00,No data,100.0,99.8,No data,3.85,0.91,No data,4.05,0.00,0.00,No data,0.44,70,No data,No data,0.12,3,0.06,31.60,0,22739,0,135,2.4,88157579,13336000,80.0,2.15,100000,No data,129.67,92.8,2.53,34,No data,18,1.18,59,23.66,115.30,98,97,98,2711.74,11,94,5,31363,51225321,50288979,97100,14.42,7.8,0.08,0.27,0.09,0.10,34
Kuwait,KWT,232.17,1.98,100.00,No data,No data,0.00,No data,100.0,100.0,No data,7.06,0.81,No data,-73.09,0.00,0.00,No data,0.02,27,0.1,0.09,No data,6,0.25,No data,0,1654,0,136,2.8,6464847,No data,60.0,6.10,9300,96.1,171.61,78.4,2.97,23,No data,37,-0.09,40,25.79,20.40,99,99,99,2899.26,12,56,4,34244,4207077,3893518,17820,2.55,17.4,0.05,0.17,0.08,0.08,23
Kyrgyzstan,KGZ,32.93,2.48,36.35,9.7,4.21,0.00,89.22,96.5,87.5,9.7,12.04,0.67,0.01,4.26,158.54,137.27,5.25,33.22,144,0.2,0.17,0.00,113625,0.38,27.30,0,442,0,120,7.1,709199,4568000,60.0,90.84,38000,99.6,138.57,34.5,2.84,19,17,33,-0.61,30,18.76,45.12,92,96,88,240.23,60,57,2,1281,6415851,5798817,191800,4.49,24.9,0.05,0.20,0.07,0.05,19
Lao PDR,LAO,30.60,3.38,35.00,20.8,No data,20.68,49.84,74.5,82.1,20.8,11.08,0.60,0.11,169.80,291.48,376.02,3.30,1.33,168,0.3,No data,5.80,1953002,0.46,36.40,0,0,0,106,16.5,1251962,3257000,40.0,4.78,25000,84.7,51.86,21.9,3.90,20,6,58,-0.67,29,5.00,15.00,85,No data,83,154.63,185,35,2,2568,7169456,6826954,230800,4.08,27.0,0.04,0.24,0.08,0.07,20
Latvia,LVA,30.98,-0.71,68.14,No data,2.58,0.00,No data,92.1,98.6,No data,5.90,0.85,No data,0.15,0.00,0.00,No data,3.60,32,0.7,No data,No data,19,0.17,34.20,0,728,0,130,2.4,4058762,1949000,80.0,1.81,56000,99.9,107.35,79.8,2.35,40,7,2,1.04,56,31.95,58.00,98,89,87,1589.69,19,75,4,18089,1906740,1971478,62200,20.04,21.9,0.13,0.17,0.10,0.11,40
Lebanon,LBN,669.49,0.73,88.59,53.1,No data,0.00,No data,98.5,92.6,53.1,8.63,0.73,No data,23669.61,847.67,922.61,2.52,12.25,12,0.1,0.04,No data,1,0.36,31.80,11000,1466049,0,114,11.0,2981937,1857000,20.0,4.32,11000,95.1,64.50,76.1,1.67,26,No data,44,-0.64,28,22.71,28.50,79,68,68,1147.37,29,58,3,8270,6855709,5844606,10230,7.00,17.9,0.05,0.16,0.10,0.08,26
Lesotho,LSO,69.44,2.31,28.15,59.7,3.34,27.28,2.12,42.8,68.6,59.7,11.90,0.52,0.15,151.88,79.19,92.68,4.85,22.98,665,25.0,16.10,No data,387573,0.55,54.20,0,95,0,113,13.1,No data,1137000,0.0,1.92,5500,76.6,113.83,27.4,3.23,31,No data,37,-0.86,40,No data,13.00,93,82,93,242.73,544,33,2,1324,2125267,2132863,30360,4.90,26.6,0.04,0.41,0.07,0.08,31
Liberia,LBR,50.03,3.34,51.15,70.3,4.95,39.61,1.19,17.0,72.9,70.3,14.79,0.46,0.32,36.16,407.03,348.01,20.19,14.09,308,1.6,0.89,192.59,2590621,0.65,35.30,0,8261,0,101,37.2,No data,No data,60.0,6.58,8700,48.3,56.57,7.3,2.89,16,35,43,-1.34,28,0.37,8.00,86,No data,86,133.15,661,46,3,674,4937374,4508306,96320,3.25,17.6,0.03,0.33,0.05,0.04,16
Libya,LBY,3.80,1.83,80.10,No data,No data,0.00,No data,100.0,98.5,No data,9.34,0.71,0.01,2836.26,337.90,205.78,0.61,No data,40,No data,No data,No data,2834,0.17,No data,355762,56208,0,139,10.4,927154,No data,0.0,0.90,62000,No data,91.48,20.3,2.26,23,No data,25,-1.85,18,21.58,37.00,96,94,94,627.31,72,41,2,7235,6777453,6278372,1759540,4.39,20.1,0.06,0.19,0.08,0.09,23
Liechtenstein,LIE,236.94,0.46,14.34,No data,2.32,0.00,No data,100.0,100.0,No data,No data,0.92,No data,0.00,0.00,0.00,No data,No data,No data,No data,No data,No data,No data,No data,No data,0,245,0,138,2.4,No data,69000,No data,4.66,1100,No data,124.70,98.1,No data,No data,No data,No data,1.74,No data,No data,No data,No data,No data,No data,No data,No data,No data,No data,165028,38020,37360,160,No data,No data,No data,No data,No data,No data,No data
Lithuania,LTU,44.53,-1.14,67.68,No data,2.38,0.00,No data,93.4,97.5,No data,5.33,0.87,No data,0.00,0.00,0.00,No data,2.60,50,0.2,0.23,No data,57,0.12,37.40,0,2011,0,138,2.4,26031,2523000,60.0,0.67,88000,99.8,163.87,74.4,2.81,40,6,2,1.07,60,43.37,72.82,94,92,82,1978.27,8,82,5,19090,2759631,2879467,62674,19.71,20.7,0.14,0.17,0.10,0.09,40
Luxembourg,LUX,250.09,2.17,90.98,No data,2.41,0.00,No data,97.6,99.9,No data,5.37,0.91,No data,-11.93,0.00,0.00,No data,2.91,6,No data,0.20,No data,2,0.08,33.80,0,3531,0,134,2.4,2099102,1046000,60.0,67.19,14000,No data,132.16,98.1,5.61,34,3,2,1.78,80,30.27,48.20,99,86,95,6374.20,5,76,4,114340,615730,565210,2590,14.18,10.0,0.13,0.13,0.13,0.13,34
Madagascar,MDG,45.14,4.48,37.19,67.7,4.95,44.58,50.54,10.5,54.4,67.7,14.92,0.52,0.45,826.35,249.93,296.08,5.13,3.07,238,0.2,0.41,90.90,20215764,No data,42.60,2000,150,0,89,44.4,541290,255000,20.0,5.00,46000,74.8,40.57,4.7,2.39,15,No data,45,-1.15,24,1.81,2.00,74,No data,74,90.43,335,26,2,461,26969306,24235393,581540,2.99,22.9,0.03,0.36,0.06,0.03,15
Malawi,MWI,192.44,3.97,16.94,67.0,4.51,5.71,8.70,26.2,68.8,67.0,15.44,0.49,0.24,916.86,789.13,756.06,18.04,2.57,131,9.2,4.40,231.10,11771796,0.61,44.70,0,55963,0,115,17.5,10545,837000,20.0,2.97,18000,62.1,39.01,9.6,1.92,18,24,16,-0.73,31,0.16,13.00,88,67,88,115.16,349,42,3,389,18628749,17264168,94280,2.65,16.4,0.03,0.22,0.06,0.04,18
Malaysia,MYS,95.96,2.13,76.04,No data,No data,0.28,No data,99.6,96.7,No data,8.20,0.80,No data,26.41,-47.56,-52.74,-0.01,0.47,93,0.4,0.43,0.07,83042,0.27,41.00,0,163111,0,125,2.5,60481772,25948000,100.0,57.43,69000,93.7,134.53,78.8,4.27,24,No data,41,1.08,53,15.13,18.60,99,99,No data,1052.55,29,95,5,11239,31949789,30334501,328550,6.67,17.2,0.07,0.24,0.06,0.07,24
Maldives,MDV,1718.99,4.89,39.81,32.1,5.33,0.00,95.80,99.4,99.3,32.1,6.88,0.72,0.00,3.21,7.72,4.54,2.43,0.08,39,0.1,No data,No data,1004,0.37,38.40,0,0,0,117,10.3,1147247,1390000,40.0,303.51,680,97.7,166.36,59.1,No data,19,6,No data,-0.49,29,10.38,43.00,99,99,No data,1628.54,53,44,3,10224,530957,363657,300,3.70,13.4,0.04,0.24,0.06,0.06,19
Mali,MLI,15.64,4.88,42.36,47.0,5.67,7.20,52.23,39.3,78.3,47.0,17.97,0.43,0.46,5488.41,718.42,792.22,8.93,5.95,55,1.0,0.92,386.16,6841620,0.68,33.00,218536,27457,6677,141,6.3,No data,193300,20.0,0.05,110000,35.5,115.08,11.1,3.16,14,22,73,-1.00,29,1.39,1.00,66,No data,57,81.18,562,49,No data,901,19658023,17610108,1220190,2.51,24.6,0.03,0.29,0.05,0.03,14
Malta,MLT,1511.03,3.33,94.61,No data,2.85,0.00,No data,100.0,100.0,No data,4.92,0.89,No data,0.00,0.00,0.00,No data,1.90,11,0.1,No data,No data,9,0.19,29.40,0,10450,0,135,2.4,2576898,2274000,40.0,863.67,2700,94.5,140.20,77.3,2.91,38,5,0,0.97,54,38.26,46.65,98,83,No data,3511.14,6,60,4,30075,440377,418670,320,20.35,10.8,0.12,0.14,0.11,0.18,38
Marshall Islands,MHL,324.52,1.13,77.03,No data,No data,10.06,82.50,83.5,88.5,No data,No data,0.70,No data,7.26,72.05,49.33,19.06,14.21,480,No data,No data,No data,19594,No data,No data,0,0,0,31,2.7,24313,6000,40.0,341.46,260,98.3,27.56,29.8,No data,No data,20,No data,-1.55,No data,4.55,No data,80,62,72,934.44,No data,49,2,3621,58791,52993,180,No data,No data,0.05,0.43,0.11,0.15,No data
Mauritania,MRT,4.27,4.37,53.67,79.5,No data,31.93,15.95,48.4,70.7,79.5,15.00,0.53,0.26,1549.26,64.24,88.65,8.61,1.15,97,0.5,0.09,53.91,855084,0.62,32.60,0,86373,0,124,10.4,454436,No data,20.0,0.36,15000,53.5,103.71,18.0,3.32,15,No data,27,-0.73,28,1.79,4.00,81,No data,77,163.92,766,26,2,1219,4525698,4096872,1030700,3.14,18.1,0.04,0.28,0.06,0.04,15
Mauritius,MUS,623.30,-0.06,40.79,No data,3.48,0.13,No data,95.5,99.9,No data,5.10,0.80,No data,100.00,7.76,48.16,0.43,1.72,12,0.9,No data,No data,0,0.37,35.80,0,15,0,124,6.5,1745291,1342000,80.0,56.85,2800,91.3,151.36,52.2,3.06,37,No data,No data,0.88,52,20.25,34.00,94,95,84,1206.74,61,62,4,11239,1269670,1273212,2030,11.47,22.6,0.09,0.24,0.08,0.19,37
Mexico,MEX,64.91,1.49,80.16,16.0,3.74,0.89,87.85,91.2,99.3,16.0,8.65,0.77,0.02,235.79,692.78,497.45,0.05,2.93,22,0.3,0.20,0.27,28886413,0.33,43.40,338000,40396,0,132,3.6,64569640,39291000,80.0,310.92,360000,95.4,95.23,59.5,1.69,26,10,5,-0.15,29,22.48,15.20,97,98,91,971.82,33,86,4,9698,127575529,126932577,1943950,7.22,15.7,0.06,0.29,0.07,0.11,26
Micronesia,FSM,160.91,1.47,22.70,No data,No data,9.50,No data,88.3,78.6,No data,10.69,0.61,No data,151.69,89.55,74.44,23.96,5.81,165,No data,No data,No data,70736,No data,40.10,0,0,0,31,2.7,No data,No data,No data,3.76,380,No data,20.74,33.4,No data,28,26,No data,-0.15,No data,No data,No data,73,52,65,431.59,88,No data,2,3058,113811,104460,700,4.00,26.1,0.05,0.44,0.12,0.17,28
Moldova Republic of,MDA,123.52,0.08,42.63,63.5,No data,0.13,86.98,76.3,89.1,63.5,5.11,0.71,0.00,0.29,94.84,95.72,1.93,16.06,95,0.6,0.56,No data,0,0.23,25.90,0,522,0,106,2.4,1135999,145000,80.0,490.40,42000,99.4,88.01,71.0,2.04,33,15,11,-0.47,32,32.00,58.34,88,92,78,480.38,19,60,3,3189,4043258,4073491,32854,11.47,24.9,0.09,0.21,0.08,0.09,33
Mongolia,MNG,2.04,1.92,68.45,38.3,No data,10.32,71.18,58.5,83.3,38.3,11.74,0.73,0.04,23.73,590.57,228.90,2.80,3.37,428,0.1,0.00,No data,17,0.32,32.30,0,9,0,113,13.4,670360,469000,100.0,6.53,65000,98.4,133.18,22.3,1.71,20,15,10,-0.23,35,28.87,70.00,99,98,13,466.69,45,86,3,4104,3225166,2946414,1553560,4.08,30.2,0.05,0.23,0.06,0.05,20
Montenegro,MNE,46.27,0.50,66.81,27.1,3.21,0.05,No data,97.8,97.0,27.1,5.87,0.82,0.00,0.00,0.95,11.09,2.78,10.70,14,0.1,0.08,No data,4,0.12,31.90,0,898,0,141,2.4,565522,1877000,20.0,12.91,11000,98.8,180.69,69.9,3.22,33,No data,3,0.13,45,23.34,39.65,87,83,No data,1333.93,6,47,3,8761,627988,625158,13450,14.97,20.6,0.12,0.16,0.10,0.11,33
Morocco,MAR,80.73,2.13,62.45,10.1,5.24,7.26,No data,88.5,86.8,10.1,9.24,0.68,0.08,48.19,867.26,292.92,0.70,5.87,99,0.1,0.05,0.00,6926,0.49,39.50,0,7775,0,150,3.4,8132917,11349000,60.0,26.38,130000,73.8,124.17,58.3,3.40,26,No data,22,-0.21,41,7.27,11.00,99,99,99,465.70,70,75,3,3238,36471766,34385867,446300,7.01,12.4,0.07,0.24,0.08,0.09,26
Mozambique,MOZ,37.51,4.41,35.99,76.7,4.37,27.41,12.23,29.4,55.7,76.7,16.62,0.45,0.41,4132.46,1199.72,1262.93,12.62,2.01,551,12.3,8.85,337.92,23455303,0.57,54.00,14000,33117,8845,106,27.9,540124,1447000,40.0,39.78,41000,60.7,47.72,17.5,2.41,19,16,23,-0.87,26,0.74,7.00,80,45,80,61.65,289,53,3,490,30366043,27945532,786380,2.89,18.4,0.03,0.27,0.05,0.03,19
Myanmar,MMR,82.24,1.45,30.58,56.6,4.22,9.42,79.29,64.3,81.8,56.6,8.35,0.58,0.18,4608.26,1061.54,1244.06,2.43,3.99,358,0.8,0.36,3.68,37482211,0.46,38.10,401000,0,95,118,10.6,3407788,3443000,60.0,169.35,47000,75.6,113.84,25.1,2.98,25,11,51,-1.07,29,8.64,9.00,89,80,89,291.09,250,66,3,1326,54045422,53861424,653290,5.78,24.2,0.05,0.37,0.08,0.09,25
Namibia,NAM,2.97,3.96,50.03,42.3,4.24,48.71,44.60,34.5,82.5,42.3,13.41,0.65,0.17,61.50,128.09,110.87,1.05,0.37,423,13.8,6.03,44.56,1103903,0.46,59.10,0,3925,106,118,27.3,602893,1499000,40.0,19.85,58000,No data,112.70,31.0,3.47,22,20,28,0.11,52,No data,27.00,88,32,67,969.26,195,47,2,5931,2494524,2474262,823290,3.64,21.3,0.04,0.33,0.06,0.06,22
Nauru,NRU,635.20,-1.34,100.00,No data,No data,2.59,No data,65.6,99.5,No data,No data,No data,No data,0.00,23.54,26.75,19.78,5.20,91,No data,No data,No data,2844,No data,No data,0,1379,0,31,2.7,45457,No data,0.0,110.81,46,No data,94.58,54.0,No data,No data,No data,No data,-0.08,No data,12.39,50.00,87,94,No data,1246.30,No data,34,2,9030,10764,10222,21,No data,No data,No data,No data,No data,No data,No data
Nepal,NPL,195.94,3.72,19.74,51.0,4.24,21.49,47.78,62.1,88.8,51.0,9.46,0.58,0.15,220.52,631.40,603.94,4.96,28.56,152,0.2,0.00,0.45,16062081,0.48,32.80,0,20863,0,119,8.7,3296953,940000,20.0,0.31,22000,67.9,139.45,19.7,1.91,19,11,43,-0.90,34,6.51,3.00,90,59,80,155.97,186,23,3,1026,28608715,28341208,143350,5.73,21.8,0.04,0.28,0.07,0.04,19
Netherlands,NLD,511.46,1.03,91.49,No data,2.23,0.00,No data,97.7,100.0,No data,5.05,0.93,No data,-25.31,0.00,0.00,No data,0.27,5,0.2,0.06,No data,41,0.04,28.20,0,114140,0,126,2.4,43996045,17924000,60.0,38.75,210000,No data,123.73,90.4,5.63,36,7,6,1.85,82,35.07,46.57,94,90,93,5251.24,5,89,5,52978,17097123,16908948,33730,19.20,11.2,0.12,0.13,0.13,0.12,36
New Zealand,NZL,18.55,1.98,86.54,No data,2.70,0.00,No data,100.0,100.0,No data,6.30,0.92,No data,0.00,0.00,0.00,No data,0.22,8,0.1,No data,No data,3,0.13,No data,0,2039,0,129,2.4,17249050,3555000,100.0,76.08,110000,No data,134.93,88.5,6.06,29,No data,8,1.67,87,30.25,28.00,94,90,94,3664.72,9,90,5,41966,4783062,4528526,263310,15.65,10.1,0.09,0.16,0.12,0.06,29
Nicaragua,NIC,53.73,1.64,58.52,43.2,No data,6.50,No data,74.4,81.5,43.2,10.10,0.65,0.07,72.58,181.77,181.70,2.75,11.47,45,0.2,0.12,5.05,1614121,0.45,46.20,0,457,0,116,17.0,No data,1787000,80.0,2.28,18000,82.6,115.10,24.6,1.67,20,8,14,-0.80,22,10.06,9.00,98,84,98,484.53,98,73,2,2029,6545503,6073017,120340,5.25,14.2,0.05,0.28,0.06,0.05,20
Niger,NER,17.72,4.27,16.43,61.8,5.92,67.85,8.98,13.6,50.3,61.8,19.91,0.38,0.59,6345.60,427.37,529.03,13.17,3.19,90,0.4,0.14,358.65,14068652,0.65,34.30,196717,225833,0,124,16.5,No data,164000,20.0,0.50,49000,30.6,40.64,4.3,No data,13,No data,60,-0.77,32,0.50,2.80,81,38,80,61.43,509,44,3,412,23310719,19916908,1266700,2.60,20.0,0.03,0.32,0.05,0.03,13
Nigeria,NGA,215.06,4.24,50.34,53.9,4.90,19.80,41.95,39.2,71.4,53.9,16.63,0.53,0.29,17430.81,1742.86,1724.35,0.87,6.12,219,2.9,No data,281.15,133972724,No data,43.00,2216000,35680,2,116,13.4,8169192,No data,40.0,25.74,98000,62.0,88.18,25.7,1.59,15,11,35,-1.02,26,3.83,5.00,42,No data,36,213.74,917,52,3,2028,200963603,182141741,910770,2.75,22.5,0.03,0.26,0.05,0.02,15
North Macedonia,MKD,82.59,0.42,57.96,8.3,No data,0.68,No data,99.1,93.1,8.3,5.46,0.76,0.01,0.00,52.42,66.97,1.40,2.72,13,0.1,0.04,No data,9,0.15,35.60,140,426,0,120,3.2,No data,631000,100.0,1.51,14000,97.8,94.53,72.2,3.03,33,No data,14,0.09,35,28.74,44.28,91,97,No data,934.58,7,63,3,6084,2083458,2078210,25220,13.67,20.3,0.11,0.18,0.11,0.11,33
Norway,NOR,14.55,1.17,82.25,0.0,2.22,0.00,No data,98.1,100.0,0.0,5.60,0.95,No data,-35.91,0.00,0.00,No data,0.15,5,0.2,No data,No data,40,0.04,27.50,0,59318,0,135,2.4,No data,6252000,60.0,6.44,140000,No data,107.17,97.3,5.71,33,No data,10,1.89,84,46.34,38.58,96,91,94,6203.45,2,92,5,81807,5378859,5211664,304250,17.05,9.2,0.09,0.14,0.14,0.11,33
Oman,OMN,15.60,4.61,84.54,No data,No data,0.00,97.40,100.0,91.9,No data,9.06,0.83,No data,0.00,0.00,0.00,No data,0.05,7,0.2,No data,0.00,1,0.30,No data,0,564,0,121,6.8,10438241,2372000,100.0,119.81,42000,95.7,133.37,69.9,4.69,20,No data,8,0.19,52,19.70,15.80,99,99,99,2826.85,19,100,4,16419,4974992,4496150,309500,2.39,17.8,No data,No data,No data,No data,20
Pakistan,PAK,275.29,2.67,36.67,40.8,6.80,10.43,59.61,59.9,91.5,40.8,12.78,0.56,0.20,2698.63,1279.49,986.59,0.41,6.74,267,0.1,0.18,4.94,31683212,0.55,33.50,119000,1409200,12,109,20.3,6880637,No data,40.0,0.30,100000,59.1,72.56,15.5,3.19,18,No data,42,-0.63,32,9.75,6.00,75,45,75,144.12,140,51,2,1473,216565317,188897179,770880,4.31,24.7,0.04,0.26,0.05,0.05,18
Palau,PLW,38.93,1.27,79.93,No data,No data,0.00,No data,100.0,100.0,No data,No data,0.81,No data,10.88,17.77,83.51,28.18,0.77,106,No data,No data,No data,0,No data,No data,0,0,0,31,2.7,No data,123000,60.0,60.69,280,96.6,134.41,No data,No data,No data,10,No data,-0.01,No data,11.85,No data,97,95,89,1891.92,No data,60,2,17318,18001,21291,460,No data,No data,No data,No data,No data,No data,No data
Palestine,PSE,758.98,2.89,76.16,39.3,5.89,0.16,No data,96.9,96.8,39.3,13.86,0.69,0.00,7485.85,1062.27,1080.24,13.17,16.98,1,No data,No data,No data,No data,No data,33.70,238000,2618285,1,126,12.1,No data,503000,No data,398.14,17000,97.2,89.98,61.2,No data,17,No data,39,-0.76,No data,No data,No data,99,99,99,No data,27,No data,2,3199,4981422,4664642,6020,3.13,No data,0.05,0.22,0.07,0.06,17
Panama,PAN,56.19,2.20,67.71,22.1,3.67,4.42,No data,83.3,96.4,22.1,9.16,0.80,No data,91.04,9.95,9.99,0.06,0.83,54,0.8,0.74,0.20,436029,0.46,49.90,0,16134,0,119,10.0,12939350,1843000,60.0,2.64,12000,95.4,137.00,54.0,2.15,23,10,6,-0.02,36,15.70,23.00,81,93,90,1750.30,52,71,3,15575,4246440,3926469,74340,8.10,13.0,0.06,0.26,0.08,0.06,23
Papua New Guinea,PNG,19.00,2.48,13.17,No data,No data,14.47,No data,12.9,41.3,No data,12.48,0.54,No data,243.03,440.12,508.58,3.43,0.01,432,0.9,0.60,181.87,6546649,0.74,41.90,12000,10177,0,101,8.9,964713,No data,20.0,509.54,14000,61.6,47.62,9.6,No data,25,No data,No data,-0.68,28,No data,No data,62,No data,44,92.27,145,36,2,2723,8776119,7619178,452860,3.45,30.0,0.04,0.50,0.14,0.10,25
Paraguay,PRY,17.51,1.75,61.59,17.6,0.00,0.66,79.60,89.8,99.6,17.6,9.91,0.72,0.02,20.28,42.39,63.99,0.41,1.69,44,0.5,0.36,0.00,1974853,0.48,48.80,0,618,0,112,10.7,560631,1584000,60.0,8.60,74000,94.0,106.95,51.3,1.49,20,No data,23,-0.52,28,13.66,13.00,92,82,93,767.77,129,62,2,5871,7044639,6620174,397300,6.43,17.5,0.06,0.29,0.09,0.06,20
Peru,PER,24.99,1.96,77.91,33.8,3.75,6.53,No data,74.3,91.1,33.8,8.64,0.76,0.05,620.43,-155.89,353.40,0.21,1.45,116,0.3,0.16,5.60,2679217,0.38,43.30,59000,233400,0,117,9.7,17758527,4032000,40.0,2.03,84000,94.4,123.76,45.5,1.70,21,11,32,-0.25,36,12.70,16.00,83,66,80,681.00,88,55,3,6947,32510462,31372221,1280000,8.09,12.6,0.06,0.22,0.07,0.04,21
Philippines,PHL,357.69,1.88,46.91,43.5,4.74,5.09,78.46,76.5,93.6,43.5,9.97,0.71,0.02,760.59,163.28,462.09,0.14,10.22,554,0.1,0.20,0.25,49143290,0.43,40.10,301000,890,0,120,13.3,43080118,6621000,No data,21.60,150000,98.2,126.20,55.5,2.18,22,6,13,0.05,34,No data,5.00,88,80,61,342.29,121,No data,3,3103,108116622,100699432,298170,5.12,26.8,0.04,0.35,0.09,0.08,22
Poland,POL,124.04,-0.07,60.06,0.0,2.82,0.00,No data,98.8,99.7,0.0,4.96,0.87,No data,0.00,0.00,0.00,No data,1.21,17,0.1,No data,No data,104,0.12,30.80,0,15571,0,138,2.4,9277538,18258000,No data,1.51,610000,98.7,134.75,73.3,2.26,37,3,8,0.66,58,24.00,65.00,98,93,No data,1784.40,2,No data,4,15424,37887771,38596272,304150,17.52,18.7,0.13,0.16,0.13,0.10,37
Portugal,PRT,112.24,0.68,65.21,3.6,2.66,0.00,No data,99.6,99.9,3.6,3.97,0.85,No data,0.00,0.00,0.00,No data,0.21,20,No data,0.15,No data,13,0.08,35.50,0,2221,0,139,2.4,17367956,15432000,80.0,3.85,160000,96.1,115.63,70.4,3.21,40,6,2,1.21,62,33.36,33.95,98,95,96,2778.42,8,77,5,23146,10226178,10350768,91470,21.95,11.1,0.12,0.15,0.13,0.16,40
Qatar,QAT,239.59,2.13,99.14,No data,No data,0.00,No data,100.0,99.6,No data,4.77,0.85,No data,-81.00,0.00,0.00,No data,0.24,26,0.1,0.12,No data,21,0.20,No data,0,282,0,136,2.8,29178923,2256500,40.0,20.07,11000,93.5,141.86,94.3,5.92,21,No data,7,0.63,62,0.01,12.00,97,93,98,3926.12,9,87,3,69026,2832071,2236594,11610,1.37,15.3,0.04,0.17,0.06,0.09,21
Romania,ROU,84.64,-0.47,54.00,14.4,2.88,0.00,No data,84.3,100.0,14.4,4.86,0.82,No data,0.00,0.00,0.00,No data,2.92,72,0.1,0.07,No data,22,0.32,35.90,0,5644,0,145,2.4,4908235,10926000,40.0,0.09,200000,98.8,116.25,59.5,2.03,37,7,8,-0.25,44,22.59,62.70,82,75,No data,1152.18,19,72,4,12301,19364558,19528594,230160,18.34,21.4,0.13,0.17,0.13,0.08,37
Russian Federation,RUS,8.82,0.18,74.43,No data,2.58,0.00,No data,90.5,97.1,No data,6.44,0.82,No data,6.41,0.00,0.00,No data,0.52,60,No data,1.30,No data,3,0.26,37.70,2300,78778,32,138,2.4,99327311,24390000,100.0,7.83,1900000,99.7,157.43,73.1,3.43,36,No data,23,-0.06,28,40.14,81.75,97,97,70,1329.29,17,100,4,11289,145872260,143463427,16376870,14.67,25.4,0.10,0.19,0.09,0.07,36
Rwanda,RWA,498.66,3.14,17.21,45.5,4.26,2.19,4.62,66.6,57.7,45.5,14.64,0.54,0.26,436.56,507.73,497.87,12.02,2.74,57,3.1,1.06,505.57,5328513,0.41,43.70,0,150316,3077,99,36.8,1073528,No data,40.0,3.36,8100,73.2,78.85,20.0,5.43,15,21,41,0.21,53,1.35,16.00,98,95,98,130.38,248,67,3,773,12626938,11607317,24670,2.94,18.2,0.03,0.26,0.07,0.03,15
Saint Kitts and Nevis,KNA,201.70,0.77,30.78,No data,No data,0.44,No data,91.6,99.0,No data,No data,0.78,No data,0.00,0.00,0.00,No data,2.56,2,No data,No data,No data,10,No data,No data,0,4,0,100,5.7,No data,No data,20.0,6.97,430,No data,147.71,76.8,No data,No data,No data,No data,0.55,No data,25.23,No data,97,95,No data,1479.57,No data,48,3,19829,52834,55572,260,No data,No data,No data,No data,No data,No data,No data
Saint Lucia,LCA,298.18,0.87,18.68,11.9,No data,0.80,87.20,88.4,98.2,11.9,5.98,0.74,0.01,0.00,4.74,2.44,0.47,2.24,8,No data,No data,No data,23465,0.33,51.20,0,2,0,94,18.1,No data,386000,100.0,1.35,690,No data,101.68,46.7,No data,29,No data,No data,0.20,55,No data,13.00,80,73,No data,677.40,117,60,3,10315,182795,184999,610,No data,18.8,0.08,0.27,0.10,0.10,29
Saint Vincent and the Grenadines,VCT,282.59,1.14,52.20,No data,No data,3.36,No data,87.2,95.1,No data,7.07,0.73,No data,0.00,4.05,0.55,2.18,5.76,2,No data,No data,No data,5,No data,No data,0,0,0,121,5.7,No data,76000,20.0,4.34,410,No data,96.07,55.6,No data,29,No data,No data,0.20,59,No data,26.00,99,99,No data,409.14,68,45,3,7378,110593,109462,390,No data,23.2,0.08,0.29,0.09,0.13,29
Samoa,WSM,69.30,-0.74,18.24,No data,No data,0.10,No data,98.2,97.4,No data,13.95,0.71,No data,43.37,76.87,74.36,14.53,17.96,18,No data,No data,No data,61325,0.36,38.70,0,0,0,131,2.7,137770,146000,40.0,1.87,1600,99.1,63.58,29.4,No data,24,22,No data,0.59,No data,3.41,No data,74,42,No data,352.80,43,73,2,4392,197093,193228,2830,4.80,20.6,0.05,0.39,0.12,0.11,24
Sao Tome and Principe,STP,219.82,3.04,72.80,86.6,3.84,47.43,41.34,43.0,84.3,86.6,14.68,0.61,0.09,0.00,15.09,18.57,10.44,4.21,118,0.8,No data,10.96,192800,0.55,30.80,0,0,0,118,7.0,No data,No data,0.0,3.81,640,92.8,77.06,28.0,No data,16,26,No data,-0.64,46,3.20,29.00,95,76,95,196.90,130,39,2,2001,215048,190344,960,2.93,18.5,0.04,0.30,0.06,0.04,16
Saudi Arabia,SAU,15.68,2.06,83.84,18.0,No data,0.00,No data,100.0,100.0,18.0,8.75,0.86,No data,0.00,0.00,0.00,No data,0.04,10,0.1,No data,0.07,1021,0.22,No data,0,2436,0,130,7.1,39141660,16109000,60.0,6.52,130000,95.3,122.57,73.8,5.16,21,No data,No data,0.32,53,23.90,26.50,98,96,98,3117.23,17,69,4,23219,34268529,31550877,2149690,3.31,16.4,0.04,0.26,0.05,0.08,21
Senegal,SEN,82.35,3.74,47.19,29.5,8.31,13.75,20.86,51.5,80.7,29.5,15.86,0.51,0.29,192.65,545.59,636.73,4.23,10.06,122,0.4,0.14,64.62,12005592,0.52,40.30,18000,16069,0,114,11.3,21038,1365000,20.0,66.50,23000,51.9,104.45,25.7,3.09,15,12,56,-0.27,45,0.69,3.00,93,70,92,141.69,315,45,3,1522,16296362,15094183,192530,3.09,18.1,0.04,0.33,0.05,0.04,15
Serbia,SRB,79.83,-0.29,56.09,3.6,2.88,0.08,97.72,97.6,85.5,3.6,4.81,0.80,0.00,10.66,252.28,237.06,2.22,8.55,19,0.1,0.04,No data,0,0.16,28.50,0,31193,6,110,5.7,2262703,1497000,0.0,1.20,66000,98.3,95.78,67.1,2.63,37,No data,4,0.11,39,31.25,56.54,95,91,No data,1322.56,12,69,3,7234,8772228,6976627,87460,18.35,19.1,0.12,0.17,0.12,0.12,37
Seychelles,SYC,210.35,1.72,56.69,No data,No data,0.00,No data,100.0,96.2,No data,8.21,0.80,No data,0.00,9.70,0.00,1.17,1.43,19,No data,No data,No data,0,No data,46.80,0,0,0,99,6.5,455201,350000,40.0,0.00,380,95.9,184.30,56.5,2.80,28,No data,No data,0.50,66,9.46,36.00,97,99,No data,1122.56,53,48,3,16434,97741,96471,460,7.59,21.2,0.07,0.25,0.07,0.11,28
Sierra Leone,SLE,105.99,3.14,42.06,59.8,5.90,17.62,19.28,15.7,60.8,59.8,14.68,0.44,0.30,87.65,282.79,255.11,13.32,1.52,301,1.7,0.71,379.72,7000858,0.64,34.00,0,592,0,110,25.6,No data,No data,40.0,2.28,15000,43.2,88.47,11.8,2.87,16,29,63,-1.14,33,0.25,4.00,90,55,90,244.04,1120,38,3,523,7813207,6449098,71620,2.97,30.5,0.04,0.32,0.05,0.03,16
Singapore,SGP,7953.00,0.47,100.00,No data,3.29,0.00,No data,100.0,100.0,No data,4.31,0.93,No data,-0.50,0.00,0.00,No data,No data,47,0.1,0.13,No data,2695,0.06,No data,0,0,0,125,2.5,40401515,13903000,80.0,4.74,5600,97.3,148.82,81.0,6.42,32,No data,41,2.23,85,23.06,24.00,96,90,83,4083.75,8,91,5,64582,5804343,5603926,700,11.46,9.3,0.07,0.26,0.06,0.08,32
Slovakia,SVK,113.29,0.10,53.73,No data,2.90,0.00,No data,97.9,99.8,No data,5.20,0.86,No data,0.00,0.00,0.00,No data,2.00,5,0.1,0.04,No data,9,0.19,26.50,0,966,0,116,3.4,No data,2162000,80.0,280.56,84000,No data,132.80,80.5,2.14,35,8,5,0.71,50,24.64,57.50,96,97,96,2172.16,5,69,4,19547,5457012,5424156,48088,15.63,17.2,0.13,0.16,0.10,0.08,35
Slovenia,SVN,102.64,0.54,54.54,3.7,2.47,0.00,No data,99.1,99.5,3.7,4.95,0.90,No data,0.00,0.00,0.00,No data,1.13,6,0.1,0.07,No data,12,0.07,25.40,0,1012,0,126,2.4,1094762,3586000,60.0,11.67,36000,99.7,118.67,75.5,2.49,38,2,16,1.13,60,29.95,45.54,94,94,55,2772.23,7,82,5,26234,2078654,2039019,20140,19.61,12.7,0.14,0.14,0.12,0.10,38
Solomon Islands,SLB,23.32,4.58,23.75,No data,No data,53.69,35.89,33.5,67.8,No data,15.22,0.56,No data,10.11,156.34,166.09,14.49,1.39,76,No data,No data,170.98,530022,No data,37.10,0,4,0,118,8.9,427806,25700,20.0,11.05,1000,76.6,73.83,11.0,No data,22,42,No data,-1.05,42,2.00,14.00,94,No data,81,117.76,104,34,2,2163,669821,583591,27990,3.60,23.8,0.04,0.49,0.11,0.10,22
Somalia,SOM,23.92,4.13,44.97,73.6,No data,27.53,9.83,38.3,52.4,73.6,17.80,No data,No data,24048.31,1255.12,1144.35,33.56,No data,266,0.4,0.04,36.75,2532411,No data,No data,2648000,33102,87544,94,20.6,4486,No data,20.0,68.33,190000,No data,50.99,1.9,No data,14,No data,76,-2.19,9,0.23,8.70,42,No data,No data,No data,829,31,2,499,15442906,10794026,627340,2.87,21.8,0.03,0.20,0.05,0.03,14
South Africa,ZAF,47.63,2.12,66.36,26.3,3.38,1.45,43.99,75.7,92.7,26.3,9.88,0.70,0.02,2.96,777.71,771.85,0.26,0.25,567,18.9,9.59,3.97,19334622,0.42,63.00,0,306900,0,125,6.2,23921748,10285000,60.0,5.85,300000,87.0,159.93,54.0,2.01,29,No data,61,0.34,44,9.10,28.00,66,60,60,1071.35,119,66,3,6340,58558267,54512273,1213090,5.32,26.2,0.05,0.51,0.06,0.08,29
South Sudan,SSD,17.17,1.98,19.62,97.3,5.95,62.82,No data,11.3,40.7,97.3,15.35,0.41,0.58,29112.27,1694.48,1373.52,15.28,9.49,146,2.7,2.01,141.68,9500223,No data,46.30,1665815,294562,136155,94,30.9,No data,No data,20.0,2.81,39000,34.5,33.46,6.7,No data,15,No data,No data,-2.45,12,No data,No data,26,No data,No data,71.17,1150,39,2,283,11062114,12271544,644329,3.40,19.8,0.03,0.29,0.06,0.03,15
Spain,ESP,93.53,0.58,80.32,7.8,2.69,0.00,No data,99.9,99.9,7.8,4.31,0.89,No data,-0.47,0.00,0.00,No data,0.24,10,0.4,0.18,No data,316,0.07,36.20,0,99142,0,130,2.4,80672105,81786000,80.0,20.64,720000,98.4,115.99,80.6,2.24,36,2,10,1.00,62,40.69,29.65,98,93,No data,3259.80,4,84,5,30524,46736782,46113870,498800,19.38,9.9,0.11,0.11,0.11,0.10,36
Sri Lanka,LKA,345.56,1.55,18.48,No data,No data,0.56,No data,95.8,89.4,No data,7.87,0.78,No data,104.51,107.65,125.68,-0.30,7.92,64,0.1,0.02,0.00,187588,0.38,39.80,37000,1542,1421,115,9.0,5882376,2116400,60.0,8.57,26000,91.9,142.65,32.1,2.38,29,No data,53,-0.24,38,9.58,35.10,99,99,No data,491.49,36,46,3,4102,21323734,20715006,62710,10.47,17.4,0.07,0.27,0.08,0.11,29
Sudan,SDN,18.02,3.18,34.64,93.6,5.59,24.31,23.44,36.6,60.3,93.6,14.59,0.51,0.28,15947.07,370.50,560.60,2.54,1.04,77,0.2,0.22,37.45,11031353,0.56,35.40,2072000,1081166,1805,111,20.1,269958,813000,20.0,0.80,50000,60.7,72.01,28.0,No data,18,No data,34,-1.62,16,4.10,8.20,95,72,95,297.86,295,65,3,977,42813237,40278556,2376000,3.58,26.0,0.04,0.50,0.07,0.04,18
Suriname,SUR,3.69,0.99,66.06,5.9,No data,2.81,67.78,84.5,95.4,5.9,9.02,0.72,0.04,0.00,4.18,4.11,0.41,0.01,29,1.4,1.00,0.48,54467,0.47,No data,0,255,0,115,8.5,272347,278000,100.0,12.16,6800,94.4,130.60,45.4,1.98,25,No data,No data,-0.66,44,12.27,31.00,81,44,No data,907.60,120,73,3,5950,581363,541749,156000,6.91,21.7,0.07,0.30,0.10,0.10,25
Sweden,SWE,25.00,1.57,87.43,0.0,No data,0.00,No data,99.3,100.0,0.0,5.96,0.94,No data,-110.56,0.00,0.00,No data,0.57,6,0.2,No data,No data,140,0.04,29.20,0,286168,0,126,2.4,No data,7054000,100.0,3.12,300000,No data,126.83,89.7,5.24,36,6,10,1.83,85,54.00,25.94,97,95,96,5386.73,4,92,5,54112,10036391,9780300,410340,20.10,9.1,0.13,0.15,0.15,0.12,36
Switzerland,CHE,215.52,0.81,73.80,No data,No data,0.00,No data,99.9,100.0,No data,5.23,0.95,No data,-22.17,0.00,0.00,No data,0.36,7,0.3,No data,No data,0,0.04,32.30,0,118834,0,131,2.4,28857994,9889000,No data,0.78,160000,No data,126.77,89.1,5.54,34,No data,15,2.04,85,42.36,46.77,97,89,83,7867.39,5,No data,5,82839,8591361,8272141,40000,18.62,8.6,0.11,0.13,0.12,0.11,34
Syria,SYR,92.07,0.28,54.16,15.3,No data,0.68,70.60,91.2,97.2,15.3,10.70,0.55,0.03,55895.81,2566.28,2504.39,No data,No data,19,0.1,No data,0.00,1925000,0.55,No data,6119000,680613,210947,127,29.0,17897,No data,80.0,1.74,65000,No data,101.09,30.0,3.43,21,No data,No data,-1.67,13,12.20,15.00,48,59,No data,159.72,31,75,2,2900,17070132,18509529,183630,4.50,21.8,0.06,0.20,0.08,0.06,21
Tajikistan,TJK,65.57,3.02,27.13,26.0,6.27,0.07,72.70,97.0,81.2,26.0,14.45,0.66,0.03,65.32,112.38,140.73,4.50,29.02,85,0.3,0.25,0.00,2844918,0.38,34.00,0,2972,0,92,5.6,492320,431000,20.0,30.37,14000,99.8,111.53,20.5,4.25,17,19,60,-1.10,25,17.00,47.56,96,98,No data,208.51,17,58,2,827,9321023,8484066,139960,3.02,25.3,0.04,0.22,0.05,0.06,17
Tanzania,TZA,63.58,5.15,33.78,41.7,4.85,11.75,47.95,29.9,56.7,41.7,16.43,0.53,0.27,984.68,1427.38,1501.80,4.36,0.71,269,4.7,2.21,113.03,26709403,0.54,37.80,0,284532,0,108,30.7,1481557,1275000,40.0,2.51,72000,77.9,77.24,13.0,3.45,15,30,58,-0.76,37,0.40,7.00,97,79,97,111.98,524,47,3,1051,58005461,53399383,885800,2.60,17.9,0.03,0.28,0.07,0.03,15
Thailand,THA,135.90,1.83,49.95,24.6,No data,0.00,90.67,98.8,99.9,24.6,5.24,0.76,0.00,430.06,192.23,-457.99,-0.09,1.48,156,1.1,No data,0.84,53368,0.38,36.50,41000,103189,0,116,7.8,76053043,35592000,60.0,2.29,230000,92.9,180.18,47.5,2.25,32,No data,9,0.35,36,8.10,21.00,99,95,No data,635.02,37,79,4,7274,69625581,68083396,510890,11.90,14.5,0.09,0.24,0.07,0.08,32
Timor-Leste,TLS,85.27,3.17,30.58,34.0,5.84,19.52,28.18,53.5,78.3,34.0,13.46,0.63,0.21,31.49,163.53,157.84,8.58,3.73,498,No data,No data,0.06,1279948,No data,28.70,0,0,0,103,24.9,No data,74000,80.0,11.37,2900,68.1,115.81,25.2,2.95,18,35,86,-0.98,38,7.20,59.00,76,50,No data,121.68,142,44,2,2036,1293120,1185524,14870,4.32,19.9,0.04,0.33,0.07,0.06,18
Togo,TGO,145.05,3.75,41.70,53.0,4.55,47.69,10.47,16.1,65.1,53.0,14.90,0.51,0.25,37.00,78.71,100.04,5.51,9.24,41,2.1,0.99,370.86,5376102,0.57,43.10,0,12784,2,113,16.1,566295,496000,40.0,0.47,13000,63.7,77.89,11.3,No data,16,13,29,-1.06,29,0.49,7.00,90,No data,90,99.90,396,32,2,672,8082359,7264896,54390,2.87,23.6,0.03,0.33,0.05,0.03,16
Tonga,TON,143.33,1.00,23.13,No data,No data,0.00,No data,93.4,99.9,No data,11.71,0.72,No data,138.15,55.78,63.72,19.12,40.70,12,No data,No data,No data,37131,0.42,37.60,0,0,0,87,3.6,No data,62500,0.0,78.08,720,99.4,104.59,40.0,No data,27,19,No data,0.14,No data,5.22,No data,81,85,No data,311.43,52,57,2,4364,104497,106170,720,5.95,23.3,0.07,0.38,0.15,0.14,27
Trinidad and Tobago,TTO,270.93,0.38,53.18,5.4,3.29,0.07,89.44,93.4,98.2,5.4,6.47,0.80,0.00,79.59,0.00,0.00,No data,0.58,17,1.2,0.42,No data,18226,0.32,No data,0,10733,0,128,5.5,2525130,395000,40.0,1.02,8900,98.7,141.93,73.3,2.07,32,7,10,0.19,40,26.70,30.00,89,65,93,2180.52,67,49,3,16844,1394969,1360088,5130,10.73,21.3,0.09,0.27,0.10,0.15,32
Tunisia,TUN,74.44,1.59,68.95,8.0,No data,0.00,78.69,90.9,96.3,8.0,8.72,0.74,0.01,46.98,386.93,428.84,2.09,4.77,34,0.1,0.05,No data,4800,0.30,32.80,0,1322,0,144,4.3,4274199,7052000,40.0,1.41,55000,79.0,127.71,49.6,2.91,26,No data,19,-0.11,43,12.72,22.90,98,97,No data,806.34,43,66,3,3447,11694721,11254715,155360,8.32,16.1,0.07,0.20,0.08,0.08,26
Turkey,TUR,106.96,2.16,75.14,8.1,No data,0.32,No data,97.3,98.9,8.1,7.98,0.81,No data,27910.23,1455.50,712.25,0.16,0.15,17,No data,No data,0.00,0,0.31,41.90,1097000,3959169,1,157,2.4,115595496,37601000,100.0,2.50,400000,96.2,97.30,58.3,2.95,26,11,13,0.01,39,17.61,26.56,96,86,96,1089.24,17,73,4,9311,83429607,78665398,769630,8.48,16.1,0.08,0.17,0.11,0.07,26
Turkmenistan,TKM,12.45,2.46,51.59,No data,No data,0.00,100.00,98.7,98.8,No data,11.37,0.71,0.00,0.00,5.37,5.94,0.05,0.00,43,No data,No data,0.00,182,No data,No data,0,22,0,121,5.4,2457474,No data,60.0,3.37,20000,99.7,162.86,18.0,No data,21,No data,26,-1.04,19,22.25,73.63,99,99,No data,1116.86,7,67,3,6967,5942094,5395326,469930,4.43,29.5,0.05,0.20,0.06,0.08,21
Tuvalu,TUV,383.60,2.58,62.39,No data,No data,7.04,No data,84.1,99.3,No data,No data,No data,No data,0.46,13.30,12.20,29.34,9.50,236,No data,No data,No data,10782,No data,39.10,0,0,0,87,3.6,No data,2500,20.0,415.00,47,No data,70.36,46.0,No data,No data,25,No data,-0.69,No data,9.17,56.00,96,94,No data,601.03,No data,54,2,3701,11655,9916,30,No data,No data,No data,No data,No data,No data,No data
Uganda,UGA,213.06,6.18,23.77,47.5,4.53,5.62,21.22,18.5,49.1,47.5,17.36,0.53,0.27,6179.12,1287.45,1232.35,7.30,4.48,201,6.5,2.52,200.66,22879141,0.53,42.80,32000,1419623,1,95,41.0,21537,1402000,20.0,4.94,46000,76.5,57.27,21.9,2.31,14,30,58,-0.61,28,0.91,5.00,85,No data,81,117.11,375,51,3,643,44269587,39170819,199810,1.94,21.9,0.03,0.38,0.06,0.03,14
Ukraine,UKR,77.03,-0.31,69.35,19.0,2.46,0.00,No data,96.2,93.8,19.0,4.96,0.75,0.00,3503.34,749.49,776.94,0.96,11.23,84,0.9,0.55,No data,0,0.28,25.00,800000,9028,6,119,3.5,7854842,14230000,20.0,5.33,430000,100.0,127.75,52.5,2.52,37,10,3,-0.42,30,30.08,87.98,50,84,No data,534.19,19,75,2,3095,43993643,44819394,579320,16.43,24.7,0.11,0.20,0.10,0.08,37
United Arab Emirates,ARE,135.61,1.82,86.52,No data,No data,0.06,No data,98.6,98.0,No data,5.13,0.87,No data,0.30,0.00,0.00,No data,No data,1,No data,No data,0.00,0,0.11,No data,0,7670,0,128,2.6,95533069,No data,80.0,1.59,40000,No data,208.50,90.6,6.31,22,No data,No data,1.43,71,23.94,11.50,97,99,96,2546.19,3,95,5,43005,9770526,9144171,83600,1.09,16.8,0.04,0.25,0.10,0.10,22
United Kingdom,GBR,274.83,0.96,83.40,No data,2.35,0.00,No data,99.1,100.0,No data,5.85,0.92,No data,-3.75,0.00,0.00,No data,0.15,9,0.3,No data,No data,473,0.12,33.20,0,171964,0,135,2.4,165388610,37651000,40.0,6.08,650000,No data,118.37,94.8,4.81,34,6,10,1.34,77,28.06,27.58,94,88,92,4177.81,7,93,5,42491,67530161,64703126,241930,18.40,10.9,0.11,0.15,0.16,0.10,34
United States of America,USA,35.77,0.86,82.26,No data,2.58,0.00,No data,100.0,99.3,No data,5.96,0.92,No data,-92.52,0.00,0.00,No data,0.03,3,No data,No data,No data,539,0.18,41.50,0,1032235,0,148,2.4,889022000,76941000,80.0,23.36,6600000,No data,129.01,76.2,4.85,32,No data,11,1.58,69,25.95,29.00,95,94,93,9869.74,19,91,5,62641,329064917,321736632,9147420,15.81,14.6,0.12,0.12,0.11,0.10,32
Uruguay,URY,19.71,0.47,95.33,No data,2.80,0.40,No data,96.6,99.4,No data,6.87,0.81,No data,8.51,31.69,0.00,0.08,0.17,31,0.6,0.38,No data,5,0.28,39.50,0,6816,0,131,2.4,No data,3674000,80.0,13.52,58000,98.7,149.90,66.4,4.35,30,3,1,0.56,71,50.50,28.00,95,92,94,1958.90,17,85,3,17278,3461731,3428821,175020,14.81,16.7,0.09,0.19,0.11,0.11,30
Uzbekistan,UZB,77.47,1.59,50.48,52.2,No data,0.00,No data,100.0,97.8,52.2,10.41,0.71,No data,2.16,335.85,255.71,1.07,15.07,73,0.2,0.35,0.00,405951,0.30,No data,0,14,4,117,6.3,3056558,2690000,0.0,1.80,81000,100.0,71.52,46.8,No data,22,No data,41,-0.55,25,23.69,39.94,99,99,99,416.90,29,44,2,1532,32981715,30035907,425400,4.42,24.5,0.05,0.19,0.06,0.08,22
Vanuatu,VUT,24.01,2.92,25.27,No data,No data,0.55,25.21,34.1,91.3,No data,13.79,0.60,0.17,44.79,103.30,82.78,13.42,3.85,51,No data,No data,8.22,277708,No data,37.60,0,1,0,128,7.2,374603,109000,20.0,636.93,1000,87.5,85.91,24.0,No data,23,44,No data,-0.49,46,1.71,No data,85,No data,No data,116.09,72,34,2,3033,299882,264645,12190,3.64,23.3,0.05,0.49,0.13,0.11,23
Venezuela,VEN,32.73,-1.76,88.21,34.9,No data,3.02,No data,93.9,95.7,34.9,8.48,0.73,No data,2227.64,74.37,110.84,0.01,0.03,42,0.6,No data,47.56,4454888,0.46,No data,0,67431,3,99,21.2,2137771,427000,80.0,2.11,70000,97.1,71.77,60.0,1.57,23,No data,No data,-1.58,16,No data,8.00,84,59,0,940.00,125,67,2,16054,28515829,31144629,882050,7.27,18.1,0.05,0.26,0.07,0.06,23
Viet Nam,VNM,308.13,2.98,35.92,14.4,3.78,2.99,85.85,83.5,94.7,14.4,8.18,0.69,0.02,54.40,1540.21,777.99,0.72,6.50,129,0.4,No data,0.08,6953978,0.31,35.30,0,0,0,126,9.3,47049671,12922000,40.0,0.87,77000,95.0,147.20,46.5,3.55,25,11,28,0.00,37,8.20,25.60,94,93,No data,356.28,43,61,4,2564,96462108,93457550,310070,7.27,17.1,0.05,0.44,0.07,0.08,25
Yemen,YEM,53.98,4.08,36.64,56.4,6.67,19.57,49.54,59.1,63.5,56.4,14.06,0.46,0.24,93265.95,1269.88,1353.54,2.87,12.45,48,0.1,No data,41.89,7342169,0.83,36.70,3966897,277983,2,91,38.9,336310,No data,40.0,77.71,22000,No data,53.68,24.6,2.01,17,No data,49,-2.24,15,3.10,7.10,68,46,68,144.50,164,52,2,944,29161922,26827573,527970,2.88,30.6,0.04,0.27,0.06,0.04,17
Zambia,ZMB,23.34,4.17,43.52,63.3,5.13,19.30,13.94,26.4,60.0,63.3,16.25,0.59,0.26,450.07,731.34,676.64,3.82,0.40,361,12.4,6.26,203.32,12635340,0.54,57.10,0,59051,0,91,46.7,8904,1083000,20.0,1.27,31000,86.7,89.16,25.5,2.83,17,27,47,-0.56,34,0.91,20.00,94,64,94,175.18,213,31,2,1540,17861034,16185104,743390,2.10,17.9,0.03,0.31,0.05,0.03,17
Zimbabwe,ZWE,37.32,1.32,32.21,28.3,4.08,24.93,36.79,36.2,64.1,28.3,14.60,0.56,0.14,3666.35,473.55,469.62,2.57,5.99,221,13.5,5.40,95.22,10660813,0.52,43.20,0,22840,21,85,51.3,282539,2423000,20.0,1.30,49000,88.7,89.40,23.1,1.59,21,20,39,-1.20,24,0.76,17.00,89,78,89,185.05,458,55,3,2147,14645473,15615363,386850,2.94,19.3,0.04,0.29,0.06,0.06,21
